mod57,152540,241743,291980,20057.07376697184,19314.506584066225,20272.920838984945,2715,4222,3107,33357,68944,76953,mod
mod16,165079,155620,161911,19757.200341940214,19970.847496256887,19819.084526702096,4487,4569,3123,69848,69321,56220,mod
svar72,219906,233875,258297,19196.87440460686,19245.567174473905,19518.03563554264,6730,6218,3950,145716,144443,129694,svar
super27,213331,190952,222803,18995.73660575742,19169.895265754585,19076.95795263392,395,585,469,23272,59512,52672,super
mod87,270030,224381,267773,19741.823995763094,19208.497384987262,19694.407372993926,1174,1296,964,167101,154420,143931,mod
let76,168680,131971,187565,19682.132773152407,20650.920420430113,19373.891118469528,5184,5290,4911,50895,54077,52471,let
svar40,269504,278350,276603,19731.3926778576,19922.926847722138,19880.99699560016,6514,6617,4659,105261,106346,81188,svar
let58,253283,257040,319100,19441.566541056112,19491.340257438686,21166.353477608336,4118,4958,4080,41172,106182,67241,let
let09,236975,234931,223351,19268.00308700768,19246.327873981896,19169.872085474057,4820,5827,4469,54628,90877,65138,let
para08,185177,147471,292083,19421.868352975533,20192.434655977904,20285.46552818822,7013,7586,5973,138463,133993,76753,para
let33,203246,214517,186707,19240.464180950457,19197.885027759243,19391.056381382048,8998,8240,7146,83046,77523,78361,let
svar21,232175,231621,262406,19237.77998476403,19233.187757631662,19592.595925342564,10889,10767,9277,146929,141742,129218,svar
svar70,259670,254666,324814,19539.857115489613,19451.07145426056,21375.594632810804,5889,6398,4557,54913,60108,49279,svar
mod36,248697,215016,153415,19386.79760353196,19199.415373789707,20031.149047912542,8399,7967,6921,70833,60006,50085,mod
let95,301276,277424,318147,20544.356567901134,19895.022788572333,21120.95533413587,3492,3326,2320,115883,76767,63308,let
para17,51699,76851,179072,24188.318120046348,22903.71508262224,19504.47740444005,1373,1377,1004,46662,38975,34926,para
svar101,129653,156506,227965,20710.69272648642,19927.72635029364,19203.78207154941,1598,1743,390,37791,36823,35603,svar
mod07,214619,253928,256293,19204.975404135188,19461.328497376857,19492.512915019128,5011,5032,3428,74109,68224,58347,mod
svar26,142550,157921,208547,20321.802810305428,19912.373300169733,19198.27523157191,1909,1968,1221,27331,28098,27995,svar
inter24,233697,203447,220681,19135.47167872241,19157.78978701451,19114.70367711889,4645,4268,3903,58351,93219,79827,inter
mod80,208242,225650,228540,19209.892252268102,19198.027234059427,19210.414326650076,5641,5661,4781,93185,95118,66448,mod
mod95,202876,253247,252939,19248.826660060673,19448.834139021998,19444.205616849264,5699,6269,6067,113538,81656,91279,mod
svar28,154493,225502,228597,20005.804937840854,19211.32298342406,19219.09408248897,2954,3793,2102,56908,79041,61480,svar
let77,210696,187326,222277,19207.95278979517,19389.624804381532,19192.40794131725,9256,8745,7962,136095,119633,120403,let
mod26,174729,178780,173340,19545.455283174208,19469.23073965045,19562.047203425886,5631,5380,4973,91533,69444,72763,mod
para06,185192,147591,292142,19421.11105215147,20185.733386130352,20283.8285410139,6998,7580,5960,138463,133993,76753,para
let85,189943,203162,193563,19360.318624097137,19243.240664743815,19320.14456406997,4495,3845,3181,66808,55733,53053,let
svar95,178858,165377,231953,19510.021195048714,19752.57994403041,19237.75087860292,4207,4552,2534,102979,94557,93849,svar
para20,248046,154802,250071,19378.4229484432,19992.558738933032,19404.727653050493,834,816,680,24083,88642,41717,para
let92,252952,242878,302713,19436.772742825648,19305.16324778005,20595.849561979412,12792,12605,8675,168663,131534,113918,let
let96,273547,232419,266121,19813.07627691085,19196.776126027322,19653.52970504758,6740,6516,5472,134247,113423,112191,let
svar06,187294,203912,182275,19384.412967478536,19232.996773124047,19447.408833063404,8217,7702,7043,105634,101445,93252,svar
super26,267602,165234,221667,19462.681351716095,19631.435135230182,19057.885269497045,129,130,131,6590,50420,34271,super
inter28,186051,185006,334432,19256.18266318152,19191.10981495566,21634.200009042397,645,1089,674,54012,17280,31388,inter
cyl42,239608,249185,286552,19277.491836335972,19372.711150086543,20111.888089083346,3799,3931,3467,88935,117877,105184,cyl
let47,210798,239936,216248,19183.46380919645,19248.381079854807,19163.29842107042,5262,4602,4643,78564,59419,80381,let
svar41,218187,208444,251866,19201.818911848884,19216.6894163641,19430.041162945334,3951,3543,2822,156941,153618,146148,svar
inter05,162956,157884,129702,19778.348840177485,19901.11464313149,20704.523636907226,902,807,732,31324,28941,29899,inter
para40,122802,109696,177720,20951.29871030523,21447.708614682186,19505.037129066175,2940,3076,2538,42590,59682,45542,para
mod22,236322,206831,193712,19258.473742907303,19217.767265321498,19301.25284227037,8233,10080,7362,39333,45134,21034,mod
mod50,135135,111104,132815,20522.57206844911,21388.517323116394,20596.5092060903,3746,3684,3021,63620,63979,83265,mod
mod05,171431,252367,255037,19588.60053884178,19393.89331622038,19441.419929294967,248,266,12,26866,38973,35873,mod
para38,235101,174942,236818,19248.531106497776,19567.48627966013,19260.437101575604,6389,5972,5131,74557,62140,44715,para
svar73,436220,290824,348903,27210.00905414334,20241.62935403793,22397.613341917986,6932,6001,3894,206278,229667,199381,svar
svar81,146106,169455,179803,20224.4628613778,19675.07309409072,19495.247143334385,2490,2516,1137,67078,84025,82140,svar
super04,215228,140681,117946,18829.920629521053,20227.62503225014,20999.4065442559,283,228,164,8713,29958,48923,super
svar07,268533,260285,269502,19710.168246483525,19557.185128848745,19728.84522168619,12378,11957,10712,155368,164543,138788,svar
mod56,134703,174412,186708,20558.06565731106,19572.79270680988,19389.432043682005,2853,3210,2892,38335,55961,59035,mod
svar09,259728,245311,239602,19552.22836405099,19352.757548788428,19295.799938676744,11291,10967,9615,137743,141115,116710,svar
svar11,183288,182257,207707,19447.38044237096,19461.97998843675,19222.330238675215,8602,8155,6458,90072,90049,82846,svar
inter49,121645,225151,263197,20844.087429615083,16540.76382357198,19388.66078387539,331,276,242,38416,10192,19576,inter
svar25,117259,119397,149075,21162.21517177638,21083.62651869188,20131.45218095462,2786,2981,2069,76760,77423,74222,svar
svar52,328211,277780,348662,21524.267192629057,19909.36789240181,22398.48586470188,4333,4600,2190,206203,199415,168256,svar
super50,224410,191390,178824,16775.588931306927,18979.754016615967,19351.2509497529,214,262,267,5978,70890,63352,super
let57,253169,256876,319012,19445.75379762411,19497.22278861146,21168.254217142294,4117,4961,4084,41172,106182,67241,let
let62,298695,322964,341873,20477.540362667765,21319.610391059272,22096.637547691786,2674,2765,1432,123027,123809,48443,let
svar93,191927,247742,243853,19329.534669491204,19364.606280692875,19325.900272327224,2499,3139,1842,66549,81712,82810,svar
let21,91970,79919,61642,22175.027572558956,22750.72698992963,23641.909928894016,2242,2087,1936,21263,25723,55061,let
cyl49,169571,195538,198860,19649.376981416295,19277.1007259504,19259.128234262058,2759,2763,2212,75663,75662,76625,cyl
cyl44,180109,208198,286204,19464.33237299863,19197.549348606648,20091.59591506017,1912,1966,1705,39001,50923,56706,cyl
super43,143975,126702,199339,19541.080973610122,20717.58497459797,19111.43274427803,756,694,633,12381,69458,58080,super
let89,198539,211623,216485,19224.601609371843,18996.717612647913,19111.93281103294,1944,1535,1427,70071,35030,54605,let
mod49,234905,240454,243130,19259.81239950334,19303.208998926835,19325.43652057923,10887,10677,10194,144901,124390,153753,mod
mod61,164272,125560,215226,19779.470261367278,20869.219940987554,19195.481426912364,3404,3387,2615,55502,45911,52670,mod
svar02,217563,204923,230386,19196.7963556504,19234.754756811628,19227.878959298592,4983,5185,4110,110318,99587,91109,svar
mod82,207199,212694,250816,19223.738290644396,19205.875268879314,19414.256575589305,3930,3832,3554,60528,58874,50553,mod
svar98,240067,252016,321808,19289.303388836066,19421.30060031543,21270.206052312056,7992,7977,5482,150760,129999,103504,svar
mod66,220236,207524,224393,19193.145499476173,19212.208798419368,19199.95857681892,5864,6989,6247,97183,95847,91976,mod
para12,279674,221149,330178,19953.239949159884,19202.64223782921,21602.51038146377,5831,6399,4109,125672,129880,66594,para
para29,263880,250409,288715,19590.127059192662,19378.626190301457,20169.55297072948,5164,4670,4097,100519,79069,45697,para
svar33,121925,163631,163564,20995.677834415408,19791.51965193205,19790.517319894963,3225,3458,2590,51399,58982,54459,svar
let11,252882,232655,268547,19396.509701329,19137.824872936515,19654.519583013534,5447,6307,4431,149995,115162,74544,let
svar30,200135,216114,241998,19259.975443138876,19193.068115329752,19304.391563798054,4542,4939,3230,96772,97838,89444,svar
mod18,219558,204603,194557,19196.432808882422,19235.12576621706,19303.96747210434,7747,7021,5498,92440,97204,75714,mod
svar88,111636,130205,136080,21367.23847096297,20692.320075747608,20502.606695742677,2218,2547,2386,46323,46952,48493,svar
let01,248121,259670,275576,19344.419818572682,19510.67064534815,19809.873496449,1606,1772,1102,105148,109501,52953,let
mod30,189153,236513,242207,19372.90638386023,19271.618533845634,19320.596949685263,6477,6155,4919,105388,88907,81791,mod
inter35,114956,95633,166759,21160.24250510849,22004.451762832276,19623.680756016758,238,258,169,34340,15168,22245,inter
para01,185233,147656,292302,19419.04140773464,20182.10493001783,20279.395338156657,7014,7582,5969,138463,133993,76753,para
svar97,271946,259615,285034,19766.088519663863,19042.181158918283,20073.71300571814,5128,5658,3733,156319,146966,131788,svar
super35,186134,217901,215230,19208.52583733978,18990.261290535538,19049.456159395995,233,230,231,7922,9777,8716,super
mod75,242368,249791,218728,19313.698468476978,19400.241485892322,19186.252187642393,1803,2595,1228,29377,43439,33094,mod
let98,301478,277750,318172,20539.192419425537,19884.88936648096,21120.411066112385,3479,3325,2322,115883,76767,63308,let
svar78,206483,222964,264244,19228.58111497862,19205.94349678147,19630.55417363612,2712,2627,2059,171710,162488,147503,svar
inter45,163032,205514,330147,19751.331096164442,19107.30622591624,21519.093974342006,493,229,182,51642,10916,44302,inter
let75,210731,187493,222219,19206.348757678086,19381.259447958033,19194.930342858435,9249,8747,7965,136095,119633,120403,let
svar96,181326,202013,252939,19472.28264980123,19252.23075041403,19446.64346861207,4024,4624,2309,146847,145011,136128,svar
inter33,289874,258957,309225,19947.24191284819,19222.381265687076,20597.359621252126,1212,1205,985,60449,24901,44418,inter
inter13,251755,227982,164109,19129.013473688665,19020.19716376351,19578.5928744972,1790,1574,1068,21723,26996,34136,inter
svar18,221109,240876,232692,19204.167260364677,19307.009761070265,19245.07014390309,7628,7280,5570,149142,135486,99216,svar
cyl47,112736,74506,211670,21341.525870939968,23017.09818469196,19210.856020262345,1936,1899,1687,39764,41424,47145,cyl
mod21,222606,250525,267564,19186.780142033993,19396.053351978913,18526.42631148814,4626,5287,4106,84480,91052,80773,mod
mod60,231639,183226,197071,17369.21386952537,19393.217237888548,19245.778021791233,2657,2657,2178,49962,36342,44891,mod
inter47,139505,153310,297751,20274.383410206647,19814.876824110906,20248.168761142017,427,447,306,12335,11476,15054,inter
para16,111847,136815,154892,21375.5571968677,20501.340495235,19997.0595932252,2711,2665,2091,68094,70957,59185,para
mod90,223349,184224,236437,19195.1157351535,19412.30175707694,19255.923213106726,4438,4240,3241,119831,138457,113962,mod
para04,185196,147525,292092,19420.90911556408,20189.41867023881,20285.215740164065,7012,7584,5960,138463,133993,76753,para
cyl48,113181,74620,211901,21315.20213387179,23010.10406049916,19200.31731488278,1933,1899,1682,39764,41424,47145,cyl
cyl10,112283,143669,219655,21350.205461723606,20286.603171605333,19186.676884014138,2663,2729,2494,32775,38406,37233,cyl
super46,178402,134262,186464,19195.55929257305,20500.810929844945,19231.032528832144,186,594,325,6278,40660,23299,super
inter11,100246,91119,91982,21835.648142000504,22236.118599062258,22192.467813391944,1837,1758,1433,54126,55852,64253,inter
svar43,210648,203973,200689,19213.53482594529,19242.485287890635,19262.35509659158,4495,4373,2740,79237,76653,61930,svar
let48,170790,203044,165676,19645.792516107296,19234.668013608916,19746.3454824953,4929,4521,4356,88367,69523,86513,let
let83,222115,231874,287780,19193.681893195673,19229.362862397444,20144.87602654829,2535,2569,1538,76211,63892,54980,let
para10,279651,221138,330152,19953.94445400301,19203.123402156158,21603.00868875097,5838,6403,4109,125672,129880,66594,para
let65,300703,306777,315425,20505.26546802217,20707.350917571217,21011.193859799172,5154,4566,3577,148872,97351,103890,let
inter17,217940,210376,216581,18892.19096197553,18882.114414382,18814.862397973775,292,272,292,13837,15397,40850,inter
para21,129100,113813,105520,20747.538247984085,21298.391385303315,21626.04909593983,1792,1779,1472,52659,47339,43767,para
let05,280634,263943,314639,19976.800506892676,19623.89039000836,21011.323319410716,1902,2263,1466,70909,96777,38293,let
para49,170320,169961,220838,19641.25616607171,19650.56544331963,19178.79319147193,3946,4051,2883,84809,90236,62590,para
mod70,238388,296736,297361,19271.40503034872,20393.266048693928,20423.10332897372,10956,11629,8964,143161,176106,154650,mod
inter02,137716,140982,168232,19860.690118139148,20341.334365799357,19620.10231262346,1348,1125,995,29652,31422,40173,inter
svar71,146671,169736,180119,20192.86287570902,19660.206522313034,19479.031890687933,2488,2526,1124,67078,84025,82140,svar
svar04,195439,207007,188837,19295.46482721879,19214.816796509862,19362.136356938703,6835,6651,6132,112164,124027,92906,svar
super18,167505,97861,168577,19639.72767421146,21936.95308773389,19604.154974336754,2225,2111,1590,32712,57247,54433,super
let31,197079,172948,197802,19226.38281498726,19524.330839405546,19161.736497958307,3851,3593,2901,51347,45993,47728,let
cyl16,150987,151855,182129,20097.595751925466,20075.63495863051,19464.081920496854,4053,4144,3245,88270,94180,92763,cyl
mod04,188497,195230,212361,19379.892915443637,19306.19854537494,19207.802153966953,8507,8596,6270,110409,97533,75029,mod
para42,125541,99769,142136,20869.293016482672,21864.16079937525,20338.673732456413,2276,2175,1772,38014,30842,27025,para
let12,264920,201037,244581,19618.32041760488,19205.921477624746,19317.679676958163,6741,6258,5178,90622,96296,82228,let
mod64,214329,195065,230929,19198.9578434205,19293.71696931899,19224.91846760182,4009,5316,5020,83645,82093,81658,mod
para33,204068,214427,228561,19239.291273816456,19200.897041015753,19219.730742659027,5825,5388,4935,107609,90396,65714,para
svar67,167983,230345,265095,19699.799738234968,19220.29372641551,19638.3057073335,3360,3374,1817,69110,70218,65616,svar
mod81,225343,284278,304200,19212.18049323625,20072.085164904704,20652.556868226085,4727,4818,4729,74126,94323,74015,mod
para45,249611,226125,388565,19402.27559322134,19200.091270738467,24400.310074073597,9181,8796,5628,166390,168077,72500,para
mod67,220029,207277,224181,19202.241250412997,19223.68684539174,19209.091591979628,5864,6983,6247,97183,95847,91976,mod
let66,274491,268991,312608,19839.15268340139,19722.444857675797,20940.77409102276,3035,2997,2513,47179,40180,37904,let
mod29,118969,208496,188606,21080.525859375815,19142.219569089943,19268.45793891535,2187,2323,1580,39776,55847,38767,mod
mod28,314214,309573,268595,20947.952922809665,20781.347331538986,19615.261377265342,1859,1770,1469,55963,56439,33140,mod
svar66,168003,230460,265241,19698.736940989707,19215.49060247357,19633.34438585127,3354,3371,1768,69110,70218,65616,svar
let49,168714,202856,241504,19667.65443226994,19203.549735538803,19275.835533325462,1763,1559,1287,74917,45733,69370,let
svar90,222789,209960,247798,19194.200844387542,19205.148626288017,19367.41656974253,2505,2840,1945,137719,129653,125537,svar
cyl23,166750,26676,107611,19710.49438493204,25593.3774319647,21533.427886406345,1199,1233,1198,24681,29006,29025,cyl
svar01,167701,226516,198864,19711.87160915821,19217.005785078745,19275.500889244096,3443,3634,2361,61709,90193,58690,svar
svar86,153346,159030,195397,20014.908432333323,19876.38739575806,19281.953372705462,4660,4690,4233,84345,84866,77374,svar
para47,249646,225996,388670,19400.961046387303,19205.59872736496,24399.51275432437,9184,8793,5608,166390,168077,72500,para
svar34,108181,182702,265990,21515.398114816806,19443.67397847562,19661.388489522746,5451,5983,3287,140429,123959,88624,svar
svar29,173132,194373,230360,19603.209762091577,19306.994198387343,19220.460899658792,4581,5259,3139,98935,101081,92263,svar
let27,163917,216647,155515,19777.505579848472,19174.04007232989,19964.86990296174,3997,3307,2746,62290,50728,48138,let
para44,206242,213858,245047,19225.129494849964,19199.8304297525,19334.35407688378,9659,8622,6928,114578,82502,61425,para
let19,227592,194023,214555,19212.50229668171,19297.14934845462,19164.360883836893,1430,1112,895,48621,46925,43776,let
para24,280165,254871,192918,19902.170148040703,19396.406245141457,19303.188163649287,615,620,543,19719,16960,15171,para
let72,94057,140364,217417,22099.13720936719,20371.20341008356,19154.958588403097,4239,4148,4145,61124,64511,77521,let
let08,258929,289111,243714,19535.701097805846,20199.535812851926,19322.645200766055,10998,10710,8642,151874,157691,122160,let
inter40,286763,255447,334037,19907.64064903065,19289.615582896862,21609.18648670485,620,910,679,43401,17356,26414,inter
let16,265395,200278,281547,19602.202749906388,19242.095978771387,19946.613596712665,6750,6256,5177,90622,96296,82228,let
let73,235510,216205,262737,19261.28457209403,19200.67885538979,19599.868928731066,12670,11865,9605,130290,109673,97387,let
let56,257821,229840,249780,19516.57760625406,19224.717150064913,19398.79513333238,5837,6683,5941,82577,90866,77751,let
mod76,280120,253597,274058,19953.12302642903,19446.060228191145,19813.550759794103,4216,4291,3066,78762,88970,58318,mod
mod14,167445,198501,197467,19708.49078026873,19263.31481424764,19253.592353319742,3462,3651,3276,55938,97747,88027,mod
mod84,19442,268812,330403,26021.392308180784,19718.257668378374,21616.409127565857,8091,7604,4973,223521,206883,181859,mod
svar77,190353,183648,209646,19349.279183723807,19434.81276279759,19202.10323197045,1939,1988,1563,157183,152710,146535,svar
svar16,231551,253462,93709,19234.732698339285,19448.51760016043,22123.556466856488,2706,2578,2193,39051,35530,28601,svar
super28,231743,288121,334358,18561.163648235055,20046.202923067813,21714.477812193643,287,665,482,7592,58926,26595,super
super23,213138,166816,180347,18732.933220167364,19352.67109470938,19139.00638237752,119,129,120,5716,29835,41673,super
mod44,82346,79782,67565,22618.36401370024,22751.499455221354,23346.535995899103,1822,1769,1402,45251,48004,48606,mod
inter12,165009,170424,159350,19640.6081016236,19497.998875685935,19744.795028334367,2404,2156,1867,40549,39299,59700,inter
let18,204434,173044,215901,19125.919343099562,19532.836582958516,19128.715268012314,2750,2816,2206,61045,74426,65675,let
super16,163177,100008,180610,19653.600098606297,21465.8280566171,19334.87152869783,1097,1198,1107,19802,42671,43420,super
super38,194629,188398,237469,17993.006667739344,19273.299556154103,19159.925230844783,659,755,605,29837,51745,36930,super
super34,138139,216903,191899,20132.072196226163,19040.02790689427,19241.354754514105,194,735,577,10031,50549,34952,super
cyl39,146085,136931,181972,20216.819428889215,20490.670891171732,19450.868601266884,2168,2340,1961,65843,87491,82681,cyl
svar37,231813,237054,188640,19189.19348532365,19225.192501474467,19317.445600576957,1984,2011,1203,40909,41093,34998,svar
inter31,236276,235718,299761,19009.076691519305,18927.145993750615,20249.032919230056,327,489,343,32463,23215,17243,inter
svar51,142145,146714,164937,20332.590775994646,20199.96814895385,19753.310765816892,3556,3826,2516,83905,80942,80092,svar
inter21,119524,118124,187816,20988.721479679567,21058.393800780486,19184.92888657168,2022,1732,1427,32034,31785,46525,inter
cyl22,87922,87799,259305,22376.531703857727,22384.133250300034,19532.798807590592,1600,1829,1572,36859,41863,40253,cyl
super37,191916,163780,241045,19086.828384754303,19741.17423369238,19251.624551782963,364,363,271,19480,67395,59225,super
inter07,195931,184419,157819,18132.255513095646,19300.824440980818,19773.83048197004,1943,1623,1245,42490,46114,66114,inter
cyl13,121492,167078,141672,21004.71288429248,19717.591489739563,20348.744271952324,2179,2362,1763,38151,45596,47628,cyl
mod94,77631,259563,307272,22865.210352089754,19540.417687809604,20754.73764890802,3190,3585,2180,181945,154706,137901,mod
mod77,155497,156390,206745,19965.8261100765,19937.335590818988,18214.397021784374,4545,4770,3580,66583,65143,55276,mod
svar63,202943,196841,306274,19248.371604217915,19289.90406416495,20722.566567784263,9522,9933,6201,145699,124452,98744,svar
para26,96950,82019,118412,21970.1738222812,22646.74984045034,21109.562311160076,2270,2048,2010,42503,38877,35325,para
super24,90986,96557,150886,22205.437645568934,21970.83842118201,19959.734040335745,1309,1483,1277,13505,50979,48827,super
mod71,210954,215132,213316,19204.43905308744,19197.782698506162,19193.26759345741,6059,6476,4934,105264,108363,105090,mod
mod08,214300,225465,145842,19199.264832930454,19204.983966367625,20182.895519009406,2814,2570,1100,41840,44931,33662,mod
cyl07,159805,146345,201363,19830.474356285897,20178.822159437044,19210.700728410782,3466,3938,3024,40532,53563,51203,cyl
let26,51869,43587,44258,24172.014515919283,24617.031502441303,24587.36021614434,763,668,318,36712,32892,36104,let
super47,122622,171800,185037,20748.811256423523,18646.00217728488,19357.1126282999,2219,1918,1627,23112,52157,24840,super
svar103,201278,165410,230790,19250.794330202327,19736.112664193777,19218.779142051077,5496,5264,3746,83174,74466,68896,svar
let14,196482,186415,240180,19249.16973676235,19354.898756314575,19205.124191906765,4255,4010,3070,40861,48341,43935,let
para36,183185,170577,188355,19447.573500833274,19655.0652085299,19379.961082786325,5389,5431,4660,59667,93212,64833,para
svar85,244526,223508,315055,19342.533615228644,19207.845072879725,21027.74147016121,5620,6263,5064,150730,115438,101689,svar
para07,185180,147500,292120,19421.716887932438,20190.814875674285,20284.438801702156,7012,7582,5963,138463,133993,76753,para
mod31,225852,249278,230687,19211.431489480423,19395.165782192995,19229.531201830883,11256,11355,9343,94727,97791,87995,mod
let64,233123,229927,249884,19240.469963846714,19221.07240622418,19394.89542057394,5833,6684,5932,82577,90866,77751,let
cyl12,122208,167719,142120,20962.92827547746,19683.496472894178,20323.46173626217,2180,2361,1764,38151,45596,47628,cyl
cyl24,166837,25427,107471,19705.860632650314,25665.284472202184,21541.761348780477,1199,1233,1198,24681,29006,29025,cyl
para31,235797,196274,240710,19258.736175313075,19297.64633721558,19297.21297780945,7791,7627,7090,165883,168011,152825,para
let88,201944,188049,227735,19244.338911904717,19375.255128763787,19207.091775199533,9233,9094,7155,89039,88393,77499,let
super08,176612,144505,135014,19385.294132247516,20220.11271663532,20485.506833910345,1553,1721,1232,28172,48403,58534,super
mod79,205444,277610,273260,19208.047199717166,19851.07399566205,19748.27169336598,3634,3491,2972,75486,57387,44188,mod
para18,209692,190863,199357,19211.556746526294,19344.895189647254,19267.660310373376,3593,3535,2912,98318,113255,86825,para
svar87,141992,127287,165185,20335.851946900333,20803.55011977373,19752.240746898504,2827,3250,2869,57448,60399,60782,svar
svar17,278321,244140,180235,19915.42705789754,19325.443141749685,19475.56647503321,2809,2496,2087,55169,50677,29585,svar
mod12,153306,61367,116348,19972.944543611677,23667.286283133784,21170.305795537355,538,621,269,26118,29786,24770,mod
cyl30,218252,220378,267258,19169.36722922147,19179.093918411527,19666.153485271338,3365,3595,3157,74436,100093,91766,cyl
let22,176215,196216,151475,19527.71409973368,19256.50232145625,20059.473414425975,6290,5679,5000,82407,77316,84447,let
let61,158662,213899,174214,19897.541901223314,19187.1699920725,19577.274190810822,1691,1595,1262,42483,35323,28404,let
para22,128984,113756,105469,20754.24296548329,21301.760779077922,21629.0945374006,1790,1772,1479,52659,47339,43767,para
mod73,224434,171654,247701,19200.380597627485,19627.797577471283,19367.45884269378,5713,6099,5355,90812,112218,87404,mod
cyl19,88905,89054,260002,22316.969731049117,22308.091801063747,19508.253439850465,1599,1829,1572,36859,41863,40253,cyl
mod55,142969,177565,231832,20312.124574415215,19526.302625601256,19235.806017847288,4474,5195,4500,56882,85841,87902,mod
mod46,134818,144754,123403,20554.43817570186,20255.05128742581,20931.747153135893,2877,2917,2355,53232,45944,63746,mod
let79,209100,187660,231349,19198.493195267954,19351.68379301915,19209.927563428955,2523,2560,1902,43268,42155,40397,let
mod32,137105,114144,42928,20491.191455301287,21286.760097424703,24667.00868331652,1819,2067,1537,25738,30999,30338,mod
let67,234054,220027,279038,19202.48849840171,18948.566111029682,19876.695212099206,7680,8647,6029,129741,130691,106446,let
super25,125599,129651,239751,20555.99225039836,20491.143898226193,18657.220416344513,398,444,365,6333,17771,19191,super
super05,108888,95073,206170,21345.470169518696,21973.324010853194,18832.563925079015,952,965,773,12405,34594,44918,super
super41,181946,115635,252961,19260.536407663665,21166.43725759457,19321.10158103537,432,576,318,8174,59645,52902,super
inter18,115036,162165,148313,21179.264262923534,19622.357475156048,20027.98557390227,2104,1895,1689,29684,51157,51171,inter
mod53,149453,227066,299059,20130.789895976202,19205.11436034032,20485.44341054307,1820,1852,934,48968,45042,43264,mod
mod10,183913,183350,202338,19431.03243585985,19436.069911016926,19234.22999254844,7305,6914,6213,88276,85866,79221,mod
let81,218112,209254,239421,19194.370195328433,19205.21074555679,19280.1414124174,3989,3785,3085,79489,86485,67529,let
para39,237784,273546,335556,19270.06288444105,19807.289367451,21809.48228623848,4104,3878,3243,55379,93384,34731,para
svar61,186027,168611,217452,19410.07293283084,19691.43255148511,19201.026288692552,4151,4583,2403,116561,104793,90977,svar
let32,188544,198308,178490,19322.333947929594,19228.343183996963,19354.837281954544,3328,3114,1615,61077,55101,59668,let
cyl46,113611,75000,212184,21289.803827367985,22986.80684381804,19187.42798439254,1934,1900,1683,39764,41424,47145,cyl
cyl03,234500,173522,295420,19254.472132508916,19597.888334708092,20379.61107888378,5486,6525,4903,165615,116458,127260,cyl
let03,182025,164431,181268,19367.62928933385,19719.99941505292,19346.052875845242,723,1362,559,32692,77154,56479,let
mod13,152711,61494,116158,20005.648231538573,23659.45536589838,21181.465690661906,538,621,269,26118,29786,24770,mod
svar83,190102,173963,202601,19295.502026864964,19546.269525994278,19211.279129028277,1890,2306,1608,73024,67375,76583,svar
let78,196143,176839,202117,19294.565685098034,19541.81489360539,19248.438453506755,8543,8439,6943,128300,119824,118421,let
svar47,263898,194389,266657,19623.64774720159,19308.526563533727,19672.568159154067,5625,5313,3605,101273,86488,78700,svar
super30,165196,201093,257721,19490.37559544614,19202.81559494434,19457.420713854586,596,842,685,15128,50913,30088,super
para35,173565,161437,156312,19590.740175726198,19835.684833660584,19957.01626386695,5677,5408,5058,72837,66885,52131,para
mod19,216637,233065,232684,19193.024082454736,19218.840784541677,19217.402760909186,8598,8383,6908,155371,147107,137406,mod
cyl28,130428,174204,250855,20702.42853451166,19582.609124552324,19414.36588766969,2857,3234,2724,35177,43295,44223,cyl
super22,107996,166702,161589,21482.934794273337,19637.46001726515,19700.76321590264,1365,1419,1247,20416,48292,48883,super
inter27,270660,262188,283791,19582.38747992855,19399.926352147577,19851.04236262702,1309,1421,1183,67379,27798,34394,inter
cyl40,240014,249309,286768,19261.376032263375,19368.05003878004,20105.633254645636,3799,3930,3466,88935,117877,105184,cyl
para05,185179,147480,292082,19421.767376009127,20191.93194462209,20285.493284148895,7013,7584,5960,138463,133993,76753,para
cyl18,36239,45772,152188,25036.69668846736,24503.853816160223,20036.072749387542,521,551,507,10403,12135,13461,cyl
mod20,222888,250811,267564,19174.55402757128,19385.393280323526,18538.91198600932,4620,5284,4106,84480,91052,80773,mod
svar69,210333,160508,240897,19214.341331127187,19856.544566590634,19306.228670472192,4426,4453,3314,93288,79029,67135,svar
para28,195491,213080,261059,19302.329003945677,19203.10040905667,19555.548328935,10300,9699,8443,130733,137509,99934,para
mod93,228489,233905,276937,19219.984447549963,19245.331645581937,19886.078768552197,8698,9402,8000,121474,129727,122612,mod
svar89,263323,266594,289712,19588.04105965391,19644.563533106302,20191.999371657083,2580,2959,1990,201535,192478,186989,svar
svar38,155423,191646,182248,19968.07148436442,19323.598108109938,19418.321654432446,1915,1809,668,41467,42818,39706,svar
let38,219927,224941,223755,19132.76387447884,19127.272293320144,19119.136231592354,5720,4591,3954,112103,78519,91302,let
para02,185183,147625,292128,19421.565425328426,20183.835301849536,20284.21686928041,7018,7580,5962,138463,133993,76753,para
let29,173182,175370,161705,19601.726646682175,19567.382939114203,19834.494075780898,6884,6580,5753,67192,68382,70547,let
svar31,162810,185035,185732,19814.653525508274,19422.005778119634,19412.370459967016,4414,4727,3384,88657,92383,87686,svar
mod59,205964,219676,279857,19224.74048914575,19197.661920831986,19949.883491788554,8521,8519,7760,94386,94273,102051,mod
inter44,195464,269538,213425,19152.27472537531,19460.994133297765,19041.84545961374,912,996,958,38766,14789,24941,inter
mod51,129625,156528,228149,20712.30680186752,19926.524737967044,19196.00818631474,1598,1742,388,37791,36823,35603,mod
cyl36,250032,232860,260285,19400.707049776564,19242.19565499218,19555.62661418543,3091,3338,2896,45564,78973,65794,cyl
para14,203531,218772,290216,19243.45432116951,19199.812092179443,20219.273735875133,3911,4232,2846,118039,132480,76923,para
let44,207472,287452,138227,19016.60564665294,19820.860821839953,20332.20066540849,1843,1645,1566,21960,19462,26511,let
mod100,235979,211378,274054,19266.162356861252,19210.8658129,19829.107930916547,6075,5844,4789,101895,81973,71007,mod
svar76,240318,213304,286893,19301.78910344194,19205.55125152621,20141.68395218452,6923,6475,4614,124258,120409,101551,svar
mod47,152362,152247,160152,19999.52879737889,20015.217658033038,19783.022382090974,4448,4030,3748,64643,59716,78322,mod
let94,290918,269660,331334,20252.343587378968,19735.69131595724,21654.017080952613,4730,4430,2693,158272,115403,98581,let
mod06,216977,201596,207977,19196.220715897114,19241.611525382952,19210.39656080627,11078,10849,9191,140497,131619,86756,mod
mod34,188581,195377,212464,19375.69992223668,19299.03612291136,19203.11549023361,8508,8624,6280,110409,97533,75029,mod
mod39,217158,176950,230234,19199.050647916163,19540.583265787835,19220.82434740378,2700,2906,2161,69355,55368,36450,mod
let86,291090,269819,331464,20247.52836845154,19730.45407307413,21651.5603120263,4730,4424,2695,158272,115403,98581,let
mod40,169795,213397,225749,19660.37837389422,19180.3467348009,19194.93832225862,4092,4113,2353,135943,126958,101379,mod
let34,203890,161017,143057,19138.93555421611,19798.090098660716,20239.664165668917,2624,3643,2429,27480,42879,40789,let
super07,160828,70632,199499,19760.11516208218,23198.593269750487,19156.52077031311,1096,1047,894,14051,46265,52526,super
svar64,240409,219621,323994,19292.205657944804,19172.859770755706,21338.259007260585,5477,5493,3233,60922,87852,61549,svar
let93,158148,176376,206716,19878.334895527594,19508.95088498642,19187.461514008635,3454,4221,2942,70529,106018,101216,let
mod48,209941,222071,215909,19200.52956199223,19188.07041273464,19183.44085871165,10467,9965,9052,98883,83233,99947,mod
cyl34,249881,232780,260201,19406.36648093062,19245.49761957326,19558.577978848243,3097,3342,2900,45564,78973,65794,cyl
cyl31,202973,207492,256513,19243.988466166193,19221.31375908005,19497.528318313518,3029,3264,2883,61906,85310,78210,cyl
mod23,274531,287227,213641,19814.286492602692,20130.530183692692,19176.702198525625,3424,3296,2779,43172,45691,36073,mod
svar36,230379,288804,247730,19208.37409564999,20179.233882725825,19348.031044042957,7048,8061,5556,94050,123122,93208,svar
svar50,184693,190521,194349,19413.022805057626,19334.7132944786,19280.79212118404,5261,5139,3563,61444,63863,51506,svar
mod24,175599,183620,173784,19545.908463513853,19412.03880267507,19563.310708440942,5080,4407,3777,49658,50280,41515,mod
cyl14,121437,167176,141601,21007.927043477244,19712.372108811513,20352.755291629128,2182,2374,1768,38151,45596,47628,cyl
cyl41,239910,249217,286770,19265.49913462535,19371.507796366484,20105.575415128947,3802,3929,3466,88935,117877,105184,cyl
let68,287156,270991,302370,20149.491237373713,19763.715636433662,20596.683641578078,5018,5054,4235,111959,104474,78506,let
mod83,234293,202887,261186,19253.72479202888,19241.7661999149,19574.901729478745,5598,5362,4503,109541,88409,83297,mod
let51,190150,134741,199003,19279.400587965643,20542.11647160079,19210.7047215462,1482,1508,1243,36066,45029,38326,let
inter04,181393,225294,190104,19396.063973498916,19114.09143390682,19267.46380235344,1197,1180,980,37363,36495,41565,inter
inter36,272740,247221,329733,17972.788517688692,19099.129951755982,21403.519341709612,887,544,343,84544,17539,56556,inter
inter41,180834,136623,259088,19310.643137877036,20398.20203378076,19384.987619490825,314,383,389,43971,20623,32152,inter
let40,253575,235016,265676,19451.342502872714,19247.523000538276,19635.81969040413,4503,3734,3250,70356,60096,57758,let
cyl15,151042,151909,182148,20094.547346349642,20072.64761960757,19463.11314063092,4059,4182,3243,88270,94180,92763,cyl
cyl27,224869,34315,275506,19098.306247912733,25152.022071886935,19788.091765472233,996,998,961,13722,14870,19664,cyl
super29,190683,220475,266393,18955.722209723044,18836.840743896984,19421.146313160494,215,386,314,9482,48263,29881,super
para03,185194,147509,292227,19421.010083315698,20190.312224980265,20281.472294814113,7015,7582,5962,138463,133993,76753,para
cyl37,250199,232922,260361,19394.456716699686,19239.63803015145,19552.95837730668,3092,3336,2898,45564,78973,65794,cyl
cyl08,132549,151668,176305,20632.635411867832,20074.747904122294,19547.988050044627,4363,4933,3373,56508,70350,67044,cyl
para34,187720,158044,189191,19379.50999122527,19917.889602730567,19362.631646784546,7999,7833,7022,97684,90481,65840,para
mod43,92724,72979,129159,22143.430325980717,23081.848012324805,20691.655755362775,1579,1364,1196,40817,41842,40561,mod
mod74,220098,207307,224272,19199.20787489519,19222.29179335967,19205.169580740494,5871,6992,6259,97183,95847,91976,mod
mod52,129648,156472,227959,20710.98094176885,19929.58361821221,19204.03574671057,1598,1743,390,37791,36823,35603,mod
let07,180060,232162,203962,19427.192279766008,19160.306254688036,19180.449681699007,2719,2532,2085,68784,78961,51597,let
para50,170176,169947,220544,19648.856150708874,19651.304947326335,19191.669424030053,3948,4043,2887,84809,90236,62590,para
super06,99179,134592,112294,21835.136981659,20462.451656173802,21293.840665348514,1345,1470,1251,11069,21911,21813,super
super13,194897,161959,176234,19203.16729023008,19785.994887285487,19466.045164232448,3698,3389,3026,53861,79495,84443,super
super09,184055,126313,60409,19208.00365794003,20798.343641794832,23714.291314291106,1142,1115,934,19195,32449,33449,super
mod03,66421,242166,219715,23406.648647973667,19313.248330768634,19199.650995973534,4749,4882,3224,164356,167297,116903,mod
let91,201752,210230,241582,19245.3320559899,19198.92417151935,19293.06788152807,5182,4633,4279,89103,57414,58446,let
cyl29,121888,123698,152056,20997.998186025077,20933.875654777534,20060.566813402856,2836,2870,2771,66039,68075,68316,cyl
inter10,276798,222628,231026,19807.229742058516,19157.63048696263,17788.43925225735,2499,2568,1536,48132,79032,61074,inter
svar59,234540,212015,260080,19257.6868185554,19208.682227014884,19557.897704635845,7203,7226,4952,148053,134473,110582,svar
super44,232563,113905,144522,18955.094113497893,21239.84090266009,20193.162171110052,381,621,459,11882,48788,42056,super
mod17,145575,183725,129261,20233.958314435476,19423.552344101798,20735.479386375722,6184,5831,5205,83291,91211,83600,mod
svar27,93593,204527,106716,22129.070759163442,19239.07315509735,21564.45837429177,1008,1194,575,19638,31473,28358,svar
mod97,188572,216316,281243,19362.839212046423,19178.554796797125,19988.78090700975,7085,7883,6796,94413,158480,122126,mod
inter32,244691,213213,229445,19110.681154666167,18959.47586445067,19074.820983145884,556,495,462,58944,15459,37515,inter
mod01,139724,148492,174860,20358.500273227397,20108.049660871202,19524.117655519352,2372,2525,1960,43965,54417,45980,mod
super11,212976,210792,186781,19140.511305376614,17942.44370049165,19329.722294346666,3010,2745,2625,41900,88282,94924,super
svar10,234987,253402,209005,19248.515331342765,19438.876345764882,19204.44229025377,7754,6997,6658,116731,123651,107842,svar
svar22,176873,180710,167747,19544.29049000788,19482.186053065245,19707.7975429064,4152,3726,2660,58742,64454,53594,svar
cyl05,185000,232076,273578,19424.85244474202,19242.634720036393,19818.874788120225,3573,4247,3367,86261,86761,72418,cyl
mod96,250556,197324,285031,19403.802940121364,19249.468849206267,20076.78910088868,8524,10157,8088,111915,100555,90817,mod
cyl09,112103,143559,219461,21360.860988360524,20292.791505121037,19195.22145877881,2665,2727,2495,32775,38406,37233,cyl
cyl33,218885,177723,253036,19181.978171051273,19519.80235415596,19420.957863904718,2004,2067,1816,90981,62443,85796,cyl
para13,279590,221117,330113,19955.813805912552,19204.042091811363,21603.75658649295,5837,6400,4110,125672,129880,66594,para
svar62,202941,197061,306283,19248.46627392524,19279.251903560405,20722.34615981471,9519,9916,6196,145699,124452,98744,svar
super01,205926,168270,171084,19083.238012225545,19652.267361037186,19551.193017666785,1578,2068,1555,39203,72168,72746,super
svar03,237399,273492,214837,19256.28869579851,19795.882775253103,19181.2562591632,4279,4194,3216,49394,96204,41016,svar
super15,56507,40939,162242,23858.45059849733,24773.64531030784,19652.015460212664,805,683,713,25996,33952,37014,super
inter26,155657,175189,225984,19756.91346580514,19318.928801542348,18914.287362872346,281,212,184,48495,7682,19368,inter
svar54,186321,192678,246957,19399.06170673114,19325.02860909105,19366.836398088162,4204,4111,2165,137858,133720,107720,svar
let63,190933,215930,219408,19328.034533135087,19171.786232272087,19166.152548992457,2100,1416,1157,48806,26243,23793,let
para43,140510,149599,195886,20388.809161676167,20132.048638885153,19298.259261686013,3244,2936,2457,74793,54295,43256,para
svar15,170957,174555,155688,19650.21781864803,19585.22919690532,19980.025530396913,5204,5065,4851,87754,86421,79523,svar
svar106,255596,230698,317744,19483.90085208972,19226.966034875342,21125.234632572723,1386,1347,1066,52193,63898,89711,svar
svar92,244505,223503,315078,19343.34650447506,19208.06134783486,21027.223877444867,5617,6258,5061,150730,115438,101689,svar
let99,137985,118691,182215,20433.186114099717,21069.98507522757,19424.921995700846,4006,3579,3367,53867,48857,54782,let
let60,88046,111852,99889,22375.60568785653,21370.372133517,21854.010997876627,2937,2891,2721,55244,53485,53082,let
cyl26,121408,138765,150247,21016.27056015916,20439.471017532782,20115.841580898687,2045,2223,2138,31382,51683,52048,cyl
super40,87330,147190,152780,22250.020771759966,19972.47122193289,19928.305772662912,179,194,153,6570,32990,27963,super
para48,169826,169513,220520,19667.350432410818,19674.254388468893,19192.72171700121,3946,4028,2891,84809,90236,62590,para
super21,198356,89705,61425,19133.185100802282,22279.982490069702,23661.54920847983,869,1065,844,10229,41901,45939,super
let36,211715,195322,191170,19197.753583386715,19292.057323708377,19324.64364888134,14457,12689,11830,123527,112890,113340,let
mod72,287156,270991,302370,20149.491237373713,19763.715636433662,20596.683641578078,5018,5054,4235,111959,104474,78506,mod
super17,223591,166514,194403,18685.57907957531,19181.91893017354,18879.863254892432,204,435,276,5894,25525,17990,super
mod63,261437,196098,257750,19578.340493826014,19293.739373984765,19512.822280930748,5062,4589,3763,116770,144601,131373,mod
let28,162995,203134,201394,19806.4191182824,19240.076755426093,19246.16798953106,4925,4396,3261,64539,59383,61875,let
let04,282250,193062,240271,19989.316022096653,19282.08632282662,19244.295134167358,1807,3156,2199,45998,71355,51652,let
let15,252207,233191,267986,19421.371879042494,19115.852299000104,19673.144243604973,5451,6312,4430,149995,115162,74544,let
super48,148921,157590,234371,19779.34967353104,18867.18038995725,18984.05382629557,125,349,115,6051,32163,24908,super
let97,73501,143542,108625,23035.82630060321,20241.341779418923,21473.646772519507,978,813,629,37784,29982,30509,let
let13,280164,230999,252636,19952.054909050094,19133.53980232585,19412.227792682632,4958,4668,3439,149991,148620,150093,let
inter30,288590,265273,326440,19905.651913307185,19235.369753115287,21229.891176895195,979,1126,846,83846,22871,29024,inter
cyl35,249918,232794,260238,19404.97903648056,19244.919629119006,19557.27768053206,3091,3335,2896,45564,78973,65794,cyl
mod62,224040,203446,272272,19206.06180024942,19240.247249215314,19778.551605843135,5841,5387,4158,136618,92669,94808,mod
cyl20,87873,87909,259585,22379.505392245883,22377.456608332694,19522.918748110194,1599,1829,1572,36859,41863,40253,cyl
svar23,162781,192524,182039,19804.46278679221,19327.128812242132,19440.769469202794,1830,1847,1334,37926,39825,35407,svar
inter15,141614,117878,96009,20113.112561950413,21006.880375099725,21941.41427810517,1570,1291,1229,24791,25137,46766,inter
let59,220421,173455,254183,19159.728335715972,19544.473681636646,19404.909848049734,2205,1567,1394,64581,35726,35897,let
cyl43,239397,248862,286523,19285.888341811285,19384.87642548309,20112.72909032828,3799,3960,3472,88935,117877,105184,cyl
let100,340357,213647,243809,21973.21989537065,19169.086206906486,19284.520613410707,519,398,273,24318,15590,12507,let
para15,194761,218755,290210,19311.498237975025,19200.563973040284,20219.442704517107,3912,4234,2841,118039,132480,76923,para
cyl21,87396,87413,259394,22408.476457024026,22407.579831003895,19529.65550191394,1599,1829,1572,36859,41863,40253,cyl
inter01,172873,223682,171441,19501.638376084265,19037.50522898812,19494.271539793106,618,558,534,8760,9230,16670,inter
svar84,244649,223701,315082,19337.775298420125,19199.502772492247,21027.133880083074,5618,6267,5066,150730,115438,101689,svar
let10,190376,135094,198906,19268.238772816003,20521.962598792787,19215.35218825692,1482,1508,1243,36066,45029,38326,let
let43,171373,774,16101,19613.267718602183,27162.271044249042,26219.788477199098,868,849,765,23429,24800,30720,let
cyl11,239739,227517,235094,19289.283821634293,19211.986346622583,19253.149140749352,6176,6398,5706,131077,123010,116565,cyl
para32,204115,214467,228598,19237.077109346355,19199.093305210732,19218.170246336864,5804,5410,4937,107609,90396,65714,para
let50,95803,123698,150282,22033.157200604786,20931.75973084173,20106.39173461856,3469,2662,2763,59579,48469,61893,let
para30,235734,196319,240629,19261.295816513746,19295.461441545976,19300.416582898866,7787,7628,7091,165883,168011,152825,para
inter06,222771,250956,151339,19147.978976456303,17275.207955739996,20053.297324138803,1862,1686,1438,29367,26913,26821,inter
let37,247225,265529,269504,19348.5179138077,19614.847916541756,19694.327879691973,10926,10058,8460,161533,131888,120999,let
svar104,56011,80002,211211,23952.22805186268,22744.039401154096,19174.054443562203,748,621,396,27723,28715,29684,svar
inter37,188007,153346,274651,18356.05349550081,19911.035411259694,19699.980468145455,573,670,696,65466,12048,32408,inter
inter50,234421,231639,291093,19157.58653147461,19103.38604782376,18583.80358483396,2444,1952,1818,59347,26219,30197,inter
super03,235667,175384,161482,19168.48397700148,19520.657495850708,19798.288542470975,1277,1143,988,19006,58584,63082,super
inter20,187173,175892,237901,19221.801165725534,19430.205212543755,19107.71052828707,2379,2250,2004,36851,47178,50477,inter
let35,212723,213859,203954,19199.588400332636,19200.0893420366,19232.959163365565,9863,8955,8054,99133,86921,88958,let
let55,239507,247171,304720,19262.89600278376,19324.367512086585,20648.244852960564,4222,4697,3874,48075,79478,59399,let
super42,295058,151896,207677,20125.355624769403,19923.388219784556,19044.47992755217,108,92,89,5980,53369,45003,super
let45,75894,89109,76903,22925.57064652372,22298.38254661787,22732.12610131172,1209,1253,935,32192,28603,41220,let
let87,231145,208107,252791,19201.806572925958,19166.737665199118,19410.419786925977,5700,5265,3916,117650,105996,89273,let
inter14,62422,89788,67112,23608.724215716316,22272.009276815654,23360.705702231044,1322,1153,946,24397,28617,44005,inter
svar46,165503,182932,163865,19744.30780214737,18764.754767290793,19771.582098549614,3831,3709,2175,79107,79548,72045,svar
cyl25,121858,139088,150487,20989.972320692505,20421.130664706106,20102.52411098697,2045,2225,2141,31382,51683,52048,cyl
svar100,149419,227005,299002,20132.68007785321,19207.706156359807,20486.93344167814,1820,1886,937,48968,45042,43264,svar
mod92,228392,233761,276783,19224.079119890568,19251.243096835005,19890.89662520741,8712,9400,7993,121474,129727,122612,mod
inter16,131701,132811,87453,20585.36766412462,20530.412126929223,22363.79005065303,1747,1621,1280,28948,25594,42792,inter
para46,249627,226268,388530,19401.674607371202,19193.992174677016,24400.57662596701,9182,8801,5607,166390,168077,72500,para
let69,210837,197089,232518,19180.400771156674,19259.63061752321,19212.732203175514,2370,2873,2268,75567,97392,92602,let
svar56,271444,189430,273908,19773.008385802095,19344.43116652051,19826.0020626717,9684,8932,5904,142670,163711,126414,svar
mod68,250017,297817,322751,19405.744549577,20454.3278697092,21313.919089302006,3016,3727,1721,144216,96500,76045,mod
inter22,140374,143741,171034,20360.569186389414,20275.996179480615,19584.05093197651,2443,2209,2026,55937,57217,68579,inter
super14,254767,185284,215755,19211.682041997585,19302.84792074896,19006.65632601675,2435,2458,1717,18165,90228,56504,super
mod69,195519,156718,182147,19285.304931597206,19944.696274166472,19450.39454753264,3298,3790,2805,50414,61728,67982,mod
inter23,189485,154985,149210,19232.769594049954,19924.141094842395,20064.789369961934,2183,2063,1586,39766,39213,59316,inter
para27,226074,271552,282739,19213.23890495171,19771.424913875075,20031.06462609233,9438,8421,6513,159000,99887,65311,para
mod37,283810,225800,290134,20040.53006546203,19162.07693596913,20166.163572151,3556,15043,11623,28299,157273,127824,mod
super32,311411,277541,296198,20416.841305609385,19812.465510419508,20312.350423872358,826,1143,914,16341,41263,22255,super
mod35,142792,176367,119518,20306.64017188251,19539.573917237485,21069.547168988942,3899,4052,2504,67626,78921,59307,mod
let74,270507,276834,267678,19740.437459731293,19875.774811155163,19680.605271275323,11151,10123,8122,138171,108675,98790,let
let24,199372,208982,210942,19272.067117171162,19216.486891956865,19209.315192073806,9864,9205,8472,111165,107319,105529,let
svar12,151427,189808,220303,20064.10974869836,19341.819827974112,19137.95968524499,3460,3300,1967,45915,46884,40657,svar
inter29,210438,232152,262232,19016.291147124022,18979.922953487257,19434.94265351232,1021,829,613,79264,45672,79791,inter
mod54,210550,231819,311552,19202.974198960364,19213.10021529093,20899.937537473947,4903,4799,3461,157256,112520,101048,mod
super33,186239,214815,262439,18968.91921609037,18782.77845257292,19326.150763562244,163,360,277,8385,45976,29357,super
let70,344297,309286,358722,22199.10016141561,20776.631051345885,22856.82882692692,8076,8333,5205,177181,159842,116390,let
inter46,155508,175659,191695,19735.60311439867,19271.386418527014,18119.57177314595,191,139,144,42830,10220,25770,inter
svar60,234564,212019,260106,19256.705099498784,19208.49988754165,19556.983138223288,7203,7228,4947,148053,134473,110582,svar
mod85,436221,333371,347668,27209.821191500643,21738.11075496931,22358.22325510236,5287,5600,3581,193065,159912,118734,mod
let46,192984,223842,195748,19317.02392725779,19191.644674302603,19288.955258814887,5332,4409,4744,76150,62741,76190,let
svar13,203281,141144,179990,19177.960382827798,20334.584124097546,19424.25539193845,2681,2159,1548,25986,28799,24404,svar
svar58,234677,212153,260221,19252.0853073034,19202.39427637378,19552.940666983126,7201,7226,4947,148053,134473,110582,svar
mod33,227042,235637,244129,19207.930538053482,19255.976174416282,19319.915238030615,6258,6463,5548,109794,130979,115633,mod
super31,132824,144713,224445,20509.385239598236,20194.773340481875,19108.79841505445,219,781,671,10962,69317,61674,super
super19,236665,183579,199302,19205.600605479318,18975.847983151834,19195.759952558532,2080,1904,1674,42274,86451,74196,super
cyl02,234579,173626,295528,19251.241146473843,19592.44740945315,20376.699443121608,5494,6525,4895,165615,116458,127260,cyl
let82,215779,218664,239513,19184.66714979537,19143.132081114625,19265.168992372932,9627,9296,7227,147668,127931,104171,let
let80,217935,208949,239153,19202.22454662643,19219.28450008773,19290.82209339619,3991,3782,3083,79489,86485,67529,let
let02,172038,164241,198616,19558.259449934125,19750.517936839973,19202.214117330648,2937,3267,2069,69357,78793,71817,let
mod15,220002,234449,213397,19177.213818585587,19232.866412204072,19187.695825751525,3292,3583,2118,63908,74052,58770,mod
inter38,261439,265641,328244,19363.18762638754,19415.26300141367,19576.69143334906,223,211,162,28256,8820,11852,inter
mod41,172934,188752,220689,19556.988219527822,19317.539420376823,19134.17582474321,6585,7006,6151,45673,53411,57104,mod
super02,99397,101657,193649,21873.331523691413,21779.306784731176,19252.056064101635,2045,1736,1492,15928,35590,38814,super
inter09,243584,221150,257390,19275.1965002954,19157.605547267318,19439.77318620899,3803,3200,2224,49247,51555,48479,inter
let54,236210,211714,274232,19256.794021039692,19195.5233265793,19823.427073675037,6070,5844,4790,101895,81973,71007,let
inter42,175566,206745,200028,19489.75484529468,19139.35008223405,19197.965534505536,925,787,648,33591,21937,25981,inter
let39,192736,197461,169661,19319.768811901256,19271.18060063232,19599.64228049679,5681,5068,4162,66037,62074,62659,let
let52,234460,203004,261330,19246.88935520653,19236.230821518802,19569.876461509662,5592,5364,4502,109541,88409,83297,let
svar99,202971,196850,306388,19247.04634990295,19289.46802479756,20719.77681693869,9511,9931,6196,145699,124452,98744,svar
mod58,208819,217657,252539,19212.73327790225,19190.54082195347,19429.268235826265,12269,12185,8058,171325,127878,103524,mod
para25,140887,172626,188015,20370.77692987095,19608.681894922207,19371.36359120887,1924,1976,1445,34160,35064,22211,para
mod11,175295,183305,184807,19566.77881899733,19437.03232134313,19413.926112498793,10561,10435,9121,94755,91174,91883,mod
let17,277426,252534,255429,19853.205418930465,18531.76450276491,19417.360684328665,2945,3033,2371,86369,52288,132446,let
svar19,218477,195462,196292,19200.332605965123,19303.30657474905,19293.596906584058,3272,3063,2475,54005,55730,50224,svar
mod91,223267,183836,236212,19198.664071158375,19431.948491184885,19265.035637781726,4437,4179,3241,119831,138457,113962,mod
let06,226167,231867,218584,19197.152899868706,19219.83688207154,19170.639924968924,5849,5559,3387,97595,67895,51908,let
svar14,189209,183713,188055,19370.38395717642,19440.877843758433,19383.392116182542,7038,6694,6450,117912,119766,115297,svar
super45,159926,91600,217117,19550.323063986692,22119.695058928817,18899.9463745519,416,146,293,15381,49349,46817,super
cyl04,185091,232172,273652,19420.256245292247,19238.65778760956,19816.50354285696,3575,4269,3366,86261,86761,72418,cyl
mod38,142192,175962,118758,20340.473639588938,19560.600758444256,21114.11368389045,3885,4048,2509,67626,78921,59307,mod
svar65,304804,283474,289175,20658.007821763997,20044.324525403383,20191.124048738904,6759,8030,4482,166652,158957,112825,svar
svar35,106618,163555,185071,21574.35881361831,19790.228996709146,19395.754321379525,925,876,453,20868,26325,23839,svar
svar53,135717,216371,261785,20466.882640202257,19198.749882601405,19586.09875312558,4451,4496,2707,145394,140003,115535,svar
mod25,166666,141010,99734,19694.63999635275,20330.693151765634,21814.789258809033,2124,2026,1858,27613,28784,25961,mod
let90,301022,265477,317868,20550.8702748737,19649.83749356308,21127.044095816207,3471,3327,2320,115883,76767,63308,let
svar94,111501,129895,135793,21375.229130533608,20710.18348259649,20518.977421257194,2220,2556,2391,46323,46952,48493,svar
cyl17,151067,151958,182231,20093.161943377963,20069.937483553604,19458.882236213172,4055,4181,3243,88270,94180,92763,cyl
mod78,256084,259171,284858,19470.57320455827,19521.39539850283,20066.21588095897,3449,3389,2489,67114,69348,47377,mod
cyl06,185029,232099,273587,19423.38747831625,19241.681647329777,19818.586293276887,3579,4253,3376,86261,86761,72418,cyl
inter19,127631,199396,132246,20676.42701185489,18919.529710766135,20041.89962596329,1505,1323,1268,20889,17353,37623,inter
mod98,164700,148287,203059,19771.918119519916,20167.636051705776,19243.788310898857,2412,2295,2007,56073,52698,50273,mod
let53,78595,95672,102397,22815.416575715586,22034.52007663912,21748.462616103752,497,587,250,34132,30700,34605,let
svar102,233193,223980,262047,19249.219114640404,19209.60686190799,19589.943514825725,3567,3948,2165,146845,137013,133382,svar
mod65,172514,237083,219497,19611.16614070763,19259.952931658154,19184.813785705282,2222,2133,1638,47183,47663,41437,mod
inter43,154375,168535,200310,19812.575873080274,19448.71945676148,19091.66618661792,503,406,356,57259,9723,25939,inter
svar44,219509,221566,202648,19203.01059302779,19204.54004021575,19248.686849894788,4342,4404,2788,73743,68922,56899,svar
inter03,189341,185373,71198,19261.1179283956,19324.45338954475,23157.00459414899,938,902,741,13175,13726,18463,inter
svar24,184699,208593,186357,19380.3340046763,19153.392499967533,19351.25081168043,5654,5385,3795,86620,87381,81084,svar
cyl32,50,23,275347,27207.566953537946,27209.25761818599,19824.596833266558,720,766,621,16361,17599,20738,cyl
svar32,194411,179939,277397,19306.195944607072,19483.233079007638,19887.978969915785,4785,5473,3298,99468,100694,93147,svar
let23,163317,203504,201983,19789.090404934923,19222.60261893047,19218.185497197373,4916,4397,3261,64539,59383,61875,let
para11,279575,221118,330108,19956.273678932084,19203.99834161333,21603.85250872515,5854,6411,4120,125672,129880,66594,para
svar05,272603,264734,284556,19795.743753590377,19635.646740208227,20075.880935683745,11480,10652,10014,155630,154581,126817,svar
mod02,150191,165327,235434,20117.08595809325,19758.845277772118,19248.019470357205,8286,8004,6045,120469,126020,80870,mod
cyl01,38299,59405,137141,24923.66554931402,23774.68250297336,20480.65503923001,188,320,119,17376,14094,14912,cyl
svar20,127882,141203,128628,20789.676765915578,20366.62280565466,20756.358275086455,3241,3351,2197,69928,66584,60021,svar
svar39,116934,155642,151321,21179.05547922729,19975.981095860785,20079.768445774906,1505,1271,564,33742,36259,31545,svar
cyl50,66870,155894,314200,23392.242516884737,19935.665222590076,20969.612094051718,1729,1734,1685,22751,28180,42045,cyl
cyl38,146172,137050,182014,20211.951504617264,20483.89087261622,19448.72802315745,2162,2353,1961,65843,87491,82681,cyl
para37,135080,153316,150149,20535.601461242863,20013.45140383712,20097.95382678141,5134,5020,4077,70518,60991,48684,para
mod99,236011,211530,274073,19264.86355936469,19203.9209936734,19828.50102972833,6074,5844,4772,101895,81973,71007,mod
svar74,145948,169367,179714,20233.312895291023,19679.732953798244,19499.818884375247,2488,2526,1119,67078,84025,82140,svar
inter08,315198,311456,347147,21022.77126471288,20884.777615077684,22321.07716252315,4766,4261,3544,85345,67971,56829,inter
svar82,145938,169344,179689,20233.87321810261,19680.95119652503,19501.103459363843,2487,2525,1124,67078,84025,82140,svar
cyl45,152546,60682,246541,19981.13302515025,23710.486352956785,19309.017179278897,2309,2308,2202,25946,28828,36208,cyl
let25,202962,231651,194105,19246.2373861344,19233.539603507397,19311.124767175977,9629,10033,7986,122387,111367,107421,let
mod27,120874,114508,161546,21036.64542734743,21271.206125630546,19837.719148915534,4621,4361,3901,62214,55342,60909,mod
mod09,183029,211695,296161,19311.346523198805,19200.126505320546,20402.620771645063,5055,5527,3607,163803,151962,128095,mod
super20,259738,202151,221728,19295.951077071844,19190.49895720699,19014.963001418448,2788,2767,2272,39375,126292,117240,super
super10,244163,241600,211953,19260.016861566153,19220.838887292353,19109.722683877113,4249,3989,3276,39669,82044,93441,super
para41,245902,228483,263481,19355.991892854523,19222.232879736228,19613.72136672596,7428,7295,6542,82983,86897,65373,para
let71,210172,190964,204024,19213.959667225026,19350.28761737148,19241.033506707743,6025,5828,5526,101244,91245,99483,let
para23,128963,113756,105489,20755.45706047117,21301.760779077922,21627.90018576266,1789,1771,1472,52659,47339,43767,para
mod45,256633,230814,250728,19499.632966698053,19233.50624297186,19404.284331205054,2437,3131,1872,43619,106161,102778,mod
svar48,252598,188013,276456,19439.005687462195,19383.069004247947,19872.84915091442,3631,3639,2078,47259,56112,41342,svar
inter39,179882,156683,287012,19369.92247963805,19878.924093158625,19956.80245163914,431,309,299,60613,13479,30315,inter
svar42,202073,193495,194081,19255.239750966164,19325.121680365624,19317.98289665131,6127,5985,4521,111622,102309,95175,svar
let42,240786,225999,202950,19293.38223410426,19195.751685960684,19202.619712839638,3280,3651,2765,41651,42453,44059,let
svar49,184019,214191,222910,19427.948767698366,19191.30786177202,19183.80279933439,4214,3964,2467,57283,67362,48557,svar
para19,211584,139161,172983,19185.843690726764,20425.113667638117,19598.575338250037,1988,2099,1435,41949,99425,60932,para
svar80,182228,168135,226546,19459.327413222687,19697.54006671106,19211.677061913415,12832,13708,10461,134605,135951,114854,svar
mod42,61448,88093,235094,23637.588495504624,22143.500098258235,19067.111779637406,1054,1385,836,16660,24342,30588,mod
let20,231437,215569,228667,19197.109421692567,19180.350478867364,19190.11304662345,7846,7745,7277,80477,91437,122302,let
svar75,145935,169371,179717,20234.041319449447,19679.521099236954,19499.66474651712,2488,2523,1143,67078,84025,82140,svar
let84,190464,203869,194388,19334.476762904975,19209.883392694956,19279.785480239723,4494,3847,3180,66808,55733,53053,let
para09,185176,147509,292087,19421.91884186524,20190.312224980265,20285.354507817025,7013,7578,5962,138463,133993,76753,para
svar105,222725,191588,281979,19201.501742010638,19323.956391007574,20010.59129346413,2302,2600,1312,46790,45958,48571,svar
let30,211842,221203,206309,19205.80420874605,19197.67352054833,19223.214797844365,11835,10648,9772,94455,83672,83603,let
super49,233493,162078,252606,18737.683298594773,19731.642589339528,19286.617245677116,843,1671,1432,14457,72056,63225,super
svar79,146004,169406,179768,20230.175514407925,19677.667545500663,19497.0447682543,2497,2525,1128,67078,84025,82140,svar
inter48,176059,155521,174562,19394.934309834938,19893.558224217017,18636.082938038173,786,503,453,57897,12196,26618,inter
mod88,190319,165295,215973,19351.578495653463,19748.402869559795,19194.597434686864,5342,7473,6645,66509,94386,92841,mod
mod89,315387,301884,379447,21040.008751000736,20579.01303740658,23918.71080983855,6078,6229,4392,162431,153259,84118,mod
super39,234039,245123,271212,18718.000762760093,18881.7787862482,19406.33244366546,322,332,256,21290,21996,13873,super
mod86,213803,231263,308761,19203.838293709345,19229.336845649086,20806.445830596884,5336,6811,5289,149777,125189,113360,mod
inter34,181182,262920,228140,19291.297458917517,19350.222067726056,19028.222949739684,376,375,270,46711,10346,19257,inter
super36,88057,107230,160418,22164.786270082495,21495.197827799817,19793.62753652517,167,257,148,8400,30926,19761,super
inter25,94469,96326,124785,22084.483131721976,22005.50389320249,20861.95369622504,3296,2614,2356,48941,48663,57503,inter
let41,184792,193454,213663,19304.489083055592,19209.416217216232,18993.3006538243,5574,5457,4172,67010,65454,59654,let
super12,202595,179651,217956,19056.234889506963,19378.255038871856,18975.95912184019,2667,2804,2436,27517,85350,77189,super
