mod57,R,152540,20057.07376697184,mod
mod16,G,155620,19970.847496256887,mod
svar72,B,258297,19518.03563554264,svar
super27,B,222803,19076.95795263392,super
mod87,B,267773,19694.407372993926,mod
let76,R,168680,19682.132773152407,let
svar40,B,276603,19880.99699560016,svar
let58,R,253283,19441.566541056112,let
let09,B,223351,19169.872085474057,let
para08,B,292083,20285.46552818822,para
let33,G,214517,19197.885027759243,let
svar21,R,232175,19237.77998476403,svar
svar70,G,254666,19451.07145426056,svar
mod36,R,248697,19386.79760353196,mod
let95,G,277424,19895.022788572333,let
para17,R,51699,24188.318120046348,para
svar101,G,156506,19927.72635029364,svar
mod07,B,256293,19492.512915019128,mod
svar26,B,208547,19198.27523157191,svar
mod16,B,161911,19819.084526702096,mod
inter24,R,233697,19135.47167872241,inter
mod80,R,208242,19209.892252268102,mod
mod95,R,202876,19248.826660060673,mod
svar28,B,228597,19219.09408248897,svar
let77,B,222277,19192.40794131725,let
mod26,G,178780,19469.23073965045,mod
para06,G,147591,20185.733386130352,para
let85,B,193563,19320.14456406997,let
svar95,B,231953,19237.75087860292,svar
para20,R,248046,19378.4229484432,para
let92,B,302713,20595.849561979412,let
let96,G,232419,19196.776126027322,let
svar06,G,203912,19232.996773124047,svar
super26,B,221667,19057.885269497045,super
inter28,R,186051,19256.18266318152,inter
cyl42,B,286552,20111.888089083346,cyl
let47,G,239936,19248.381079854807,let
svar41,B,251866,19430.041162945334,svar
inter05,R,162956,19778.348840177485,inter
para40,B,177720,19505.037129066175,para
mod22,R,236322,19258.473742907303,mod
mod50,R,135135,20522.57206844911,mod
mod05,R,171431,19588.60053884178,mod
para38,R,235101,19248.531106497776,para
svar73,G,290824,20241.62935403793,svar
svar81,R,146106,20224.4628613778,svar
super04,R,215228,18829.920629521053,super
svar07,R,268533,19710.168246483525,svar
mod56,B,186708,19389.432043682005,mod
svar09,G,245311,19352.757548788428,svar
svar11,G,182257,19461.97998843675,svar
inter49,R,121645,20844.087429615083,inter
mod57,G,241743,19314.506584066225,mod
svar25,R,117259,21162.21517177638,svar
svar52,G,277780,19909.36789240181,svar
super50,B,178824,19351.2509497529,super
let57,R,253169,19445.75379762411,let
let62,G,322964,21319.610391059272,let
svar93,B,243853,19325.900272327224,svar
let21,R,91970,22175.027572558956,let
cyl49,R,169571,19649.376981416295,cyl
cyl44,B,286204,20091.59591506017,cyl
super43,B,199339,19111.43274427803,super
let89,B,216485,19111.93281103294,let
mod49,B,243130,19325.43652057923,mod
mod61,G,125560,20869.219940987554,mod
svar02,R,217563,19196.7963556504,svar
mod82,B,250816,19414.256575589305,mod
svar98,G,252016,19421.30060031543,svar
mod66,B,224393,19199.95857681892,mod
para12,B,330178,21602.51038146377,para
para29,R,263880,19590.127059192662,para
svar33,R,121925,20995.677834415408,svar
let11,B,268547,19654.519583013534,let
svar30,B,241998,19304.391563798054,svar
let57,G,256876,19497.22278861146,let
mod18,G,204603,19235.12576621706,mod
svar88,B,136080,20502.606695742677,svar
let01,G,259670,19510.67064534815,let
mod30,R,189153,19372.90638386023,mod
inter35,R,114956,21160.24250510849,inter
let85,R,189943,19360.318624097137,let
para01,R,185233,19419.04140773464,para
svar97,R,271946,19766.088519663863,svar
super35,G,217901,18990.261290535538,super
mod75,G,249791,19400.241485892322,mod
let98,G,277750,19884.88936648096,let
svar78,R,206483,19228.58111497862,svar
inter45,R,163032,19751.331096164442,inter
let75,R,210731,19206.348757678086,let
svar96,G,202013,19252.23075041403,svar
inter33,G,258957,19222.381265687076,inter
inter13,G,227982,19020.19716376351,inter
svar18,G,240876,19307.009761070265,svar
cyl47,B,211670,19210.856020262345,cyl
mod21,R,222606,19186.780142033993,mod
mod60,B,197071,19245.778021791233,mod
inter47,G,153310,19814.876824110906,inter
para16,G,136815,20501.340495235,para
para01,G,147656,20182.10493001783,para
mod90,G,184224,19412.30175707694,mod
para04,G,147525,20189.41867023881,para
cyl48,B,211901,19200.31731488278,cyl
cyl10,G,143669,20286.603171605333,cyl
super46,G,134262,20500.810929844945,super
inter11,B,91982,22192.467813391944,inter
svar43,B,200689,19262.35509659158,svar
let48,B,165676,19746.3454824953,let
let83,R,222115,19193.681893195673,let
let75,G,187493,19381.259447958033,let
para20,B,250071,19404.727653050493,para
para10,R,279651,19953.94445400301,para
let65,G,306777,20707.350917571217,let
inter17,B,216581,18814.862397973775,inter
para21,G,113813,21298.391385303315,para
mod66,R,220236,19193.145499476173,mod
let05,G,263943,19623.89039000836,let
para49,B,220838,19178.79319147193,para
mod70,R,238388,19271.40503034872,mod
inter02,B,168232,19620.10231262346,inter
svar71,R,146671,20192.86287570902,svar
svar04,R,195439,19295.46482721879,svar
super18,R,167505,19639.72767421146,super
let31,R,197079,19226.38281498726,let
cyl16,B,182129,19464.081920496854,cyl
mod04,G,195230,19306.19854537494,mod
para42,G,99769,21864.16079937525,para
svar28,G,225502,19211.32298342406,svar
let12,B,244581,19317.679676958163,let
mod64,R,214329,19198.9578434205,mod
para33,G,214427,19200.897041015753,para
svar33,B,163564,19790.517319894963,svar
svar67,G,230345,19220.29372641551,svar
mod81,G,284278,20072.085164904704,mod
para45,B,388565,24400.310074073597,para
mod67,R,220029,19202.241250412997,mod
let66,R,274491,19839.15268340139,let
mod29,G,208496,19142.219569089943,mod
mod28,B,268595,19615.261377265342,mod
svar66,B,265241,19633.34438585127,svar
let49,G,202856,19203.549735538803,let
mod16,R,165079,19757.200341940214,mod
let62,R,298695,20477.540362667765,let
svar90,R,222789,19194.200844387542,svar
cyl23,B,107611,21533.427886406345,cyl
svar01,G,226516,19217.005785078745,svar
svar11,B,207707,19222.330238675215,svar
svar86,G,159030,19876.38739575806,svar
para47,R,249646,19400.961046387303,para
svar34,R,108181,21515.398114816806,svar
svar29,R,173132,19603.209762091577,svar
let27,G,216647,19174.04007232989,let
para44,R,206242,19225.129494849964,para
let19,R,227592,19212.50229668171,let
para45,G,226125,19200.091270738467,para
mod66,G,207524,19212.208798419368,mod
para24,R,280165,19902.170148040703,para
let72,R,94057,22099.13720936719,let
let08,B,243714,19322.645200766055,let
inter40,G,255447,19289.615582896862,inter
let16,R,265395,19602.202749906388,let
let73,B,262737,19599.868928731066,let
let56,B,249780,19398.79513333238,let
let48,G,203044,19234.668013608916,let
mod76,R,280120,19953.12302642903,mod
mod14,B,197467,19253.592353319742,mod
mod84,B,330403,21616.409127565857,mod
svar77,B,209646,19202.10323197045,svar
svar16,B,93709,22123.556466856488,svar
super28,G,288121,20046.202923067813,super
super23,R,213138,18732.933220167364,super
para08,R,185177,19421.868352975533,para
inter17,G,210376,18882.114414382,inter
mod44,G,79782,22751.499455221354,mod
cyl49,G,195538,19277.1007259504,cyl
inter12,R,165009,19640.6081016236,inter
mod90,R,223349,19195.1157351535,mod
let18,B,215901,19128.715268012314,let
super16,G,100008,21465.8280566171,super
super38,B,237469,19159.925230844783,super
super34,B,191899,19241.354754514105,super
cyl39,B,181972,19450.868601266884,cyl
svar37,R,231813,19189.19348532365,svar
inter31,R,236276,19009.076691519305,inter
svar51,G,146714,20199.96814895385,svar
inter21,B,187816,19184.92888657168,inter
cyl22,G,87799,22384.133250300034,cyl
super37,B,241045,19251.624551782963,super
inter07,R,195931,18132.255513095646,inter
svar71,G,169736,19660.206522313034,svar
cyl13,G,167078,19717.591489739563,cyl
mod94,G,259563,19540.417687809604,mod
mod77,G,156390,19937.335590818988,mod
svar63,G,196841,19289.90406416495,svar
inter07,B,157819,19773.83048197004,inter
inter45,B,330147,21519.093974342006,inter
para26,R,96950,21970.1738222812,para
super24,B,150886,19959.734040335745,super
super50,R,224410,16775.588931306927,super
mod71,R,210954,19204.43905308744,mod
mod08,G,225465,19204.983966367625,mod
cyl07,B,201363,19210.700728410782,cyl
let26,B,44258,24587.36021614434,let
super47,B,185037,19357.1126282999,super
svar103,R,201278,19250.794330202327,svar
let14,B,240180,19205.124191906765,let
para36,B,188355,19379.961082786325,para
svar85,G,223508,19207.845072879725,svar
para07,B,292120,20284.438801702156,para
mod31,B,230687,19229.531201830883,mod
let64,B,249884,19394.89542057394,let
cyl12,G,167719,19683.496472894178,cyl
cyl24,R,166837,19705.860632650314,cyl
para31,R,235797,19258.736175313075,para
let88,B,227735,19207.091775199533,let
super08,R,176612,19385.294132247516,super
mod79,G,277610,19851.07399566205,mod
mod61,R,164272,19779.470261367278,mod
let95,B,318147,21120.95533413587,let
para18,G,190863,19344.895189647254,para
svar87,B,165185,19752.240746898504,svar
svar17,G,244140,19325.443141749685,svar
mod12,G,61367,23667.286283133784,mod
cyl30,G,220378,19179.093918411527,cyl
let19,B,214555,19164.360883836893,let
svar96,R,181326,19472.28264980123,svar
let22,R,176215,19527.71409973368,let
let11,G,232655,19137.824872936515,let
mod75,R,242368,19313.698468476978,mod
let61,B,174214,19577.274190810822,let
para22,B,105469,21629.0945374006,para
mod73,B,247701,19367.45884269378,mod
cyl19,R,88905,22316.969731049117,cyl
mod55,R,142969,20312.124574415215,mod
mod46,B,123403,20931.747153135893,mod
cyl13,R,121492,21004.71288429248,cyl
para24,G,254871,19396.406245141457,para
let79,G,187660,19351.68379301915,let
mod32,G,114144,21286.760097424703,mod
svar41,R,218187,19201.818911848884,svar
mod64,G,195065,19293.71696931899,mod
let67,R,234054,19202.48849840171,let
super25,R,125599,20555.99225039836,super
super05,B,206170,18832.563925079015,super
super41,B,252961,19321.10158103537,super
inter18,G,162165,19622.357475156048,inter
mod53,R,149453,20130.789895976202,mod
mod10,G,183350,19436.069911016926,mod
let65,B,315425,21011.193859799172,let
mod04,R,188497,19379.892915443637,mod
let81,G,209254,19205.21074555679,let
para39,G,273546,19807.289367451,para
svar81,B,179803,19495.247143334385,svar
svar61,R,186027,19410.07293283084,svar
mod22,G,206831,19217.767265321498,mod
let32,G,198308,19228.343183996963,let
cyl46,B,212184,19187.42798439254,cyl
super41,G,115635,21166.43725759457,super
cyl03,B,295420,20379.61107888378,cyl
let03,G,164431,19719.99941505292,let
let22,G,196216,19256.50232145625,let
mod13,B,116158,21181.465690661906,mod
svar83,G,173963,19546.269525994278,svar
let66,B,312608,20940.77409102276,let
let78,G,176839,19541.81489360539,let
svar47,G,194389,19308.526563533727,svar
super30,R,165196,19490.37559544614,super
let62,B,341873,22096.637547691786,let
para35,R,173565,19590.740175726198,para
mod19,B,232684,19217.402760909186,mod
super16,R,163177,19653.600098606297,super
mod53,G,227066,19205.11436034032,mod
cyl28,B,250855,19414.36588766969,cyl
cyl44,R,180109,19464.33237299863,cyl
super22,B,161589,19700.76321590264,super
inter27,G,262188,19399.926352147577,inter
cyl40,B,286768,20105.633254645636,cyl
para05,R,185179,19421.767376009127,para
inter24,B,220681,19114.70367711889,inter
svar72,G,233875,19245.567174473905,svar
mod28,G,309573,20781.347331538986,mod
inter18,R,115036,21179.264262923534,inter
cyl18,R,36239,25036.69668846736,cyl
mod20,G,250811,19385.393280323526,mod
let72,B,217417,19154.958588403097,let
svar09,R,259728,19552.22836405099,svar
svar69,G,160508,19856.544566590634,svar
para28,G,213080,19203.10040905667,para
mod93,R,228489,19219.984447549963,mod
svar85,B,315055,21027.74147016121,svar
svar89,G,266594,19644.563533106302,svar
svar38,G,191646,19323.598108109938,svar
mod36,G,215016,19199.415373789707,mod
let38,G,224941,19127.272293320144,let
para02,B,292128,20284.21686928041,para
let29,B,161705,19834.494075780898,let
svar31,G,185035,19422.005778119634,svar
cyl46,G,75000,22986.80684381804,cyl
svar51,B,164937,19753.310765816892,svar
svar61,G,168611,19691.43255148511,svar
let56,G,229840,19224.717150064913,let
inter17,R,217940,18892.19096197553,inter
mod59,B,279857,19949.883491788554,mod
inter44,G,269538,19460.994133297765,inter
mod51,G,156528,19926.524737967044,mod
cyl36,B,260285,19555.62661418543,cyl
para14,G,218772,19199.812092179443,para
let44,G,287452,19820.860821839953,let
mod100,B,274054,19829.107930916547,mod
mod10,B,202338,19234.22999254844,mod
svar76,G,213304,19205.55125152621,svar
mod47,G,152247,20015.217658033038,mod
let94,G,269660,19735.69131595724,let
mod06,B,207977,19210.39656080627,mod
svar09,B,239602,19295.799938676744,svar
mod34,B,212464,19203.11549023361,mod
svar97,G,259615,19042.181158918283,svar
mod39,B,230234,19220.82434740378,mod
let86,R,291090,20247.52836845154,let
mod40,B,225749,19194.93832225862,mod
let34,R,203890,19138.93555421611,let
super07,B,199499,19156.52077031311,super
svar64,G,219621,19172.859770755706,svar
let93,R,158148,19878.334895527594,let
mod48,B,215909,19183.44085871165,mod
cyl34,B,260201,19558.577978848243,cyl
cyl10,R,112283,21350.205461723606,cyl
cyl31,B,256513,19497.528318313518,cyl
svar51,R,142145,20332.590775994646,svar
super05,R,108888,21345.470169518696,super
let16,G,200278,19242.095978771387,let
mod23,R,274531,19814.286492602692,mod
svar36,B,247730,19348.031044042957,svar
cyl23,R,166750,19710.49438493204,cyl
svar50,B,194349,19280.79212118404,svar
mod24,R,175599,19545.908463513853,mod
cyl34,G,232780,19245.49761957326,cyl
para29,G,250409,19378.626190301457,para
svar76,B,286893,20141.68395218452,svar
let92,R,252952,19436.772742825648,let
cyl14,R,121437,21007.927043477244,cyl
cyl41,B,286770,20105.575415128947,cyl
let68,B,302370,20596.683641578078,let
mod18,B,194557,19303.96747210434,mod
svar29,B,230360,19220.460899658792,svar
mod83,R,234293,19253.72479202888,mod
let51,G,134741,20542.11647160079,let
inter04,B,190104,19267.46380235344,inter
inter36,B,329733,21403.519341709612,inter
mod77,B,206745,18214.397021784374,mod
inter41,G,136623,20398.20203378076,inter
let40,G,235016,19247.523000538276,let
let58,B,319100,21166.353477608336,let
inter35,G,95633,22004.451762832276,inter
svar67,B,265095,19638.3057073335,svar
svar78,G,222964,19205.94349678147,svar
inter18,B,148313,20027.98557390227,inter
super35,R,186134,19208.52583733978,super
para02,R,185183,19421.565425328426,para
cyl15,B,182148,19463.11314063092,cyl
cyl36,R,250032,19400.707049776564,cyl
inter40,B,334037,21609.18648670485,inter
svar83,B,202601,19211.279129028277,svar
para36,R,183185,19447.573500833274,para
cyl27,B,275506,19788.091765472233,cyl
super29,B,266393,19421.146313160494,super
para03,R,185194,19421.010083315698,para
cyl37,B,260361,19552.95837730668,cyl
cyl08,B,176305,19547.988050044627,cyl
para34,G,158044,19917.889602730567,para
mod43,R,92724,22143.430325980717,mod
mod74,R,220098,19199.20787489519,mod
mod52,B,227959,19204.03574671057,mod
let07,B,203962,19180.449681699007,let
let18,R,204434,19125.919343099562,let
para50,G,169947,19651.304947326335,para
svar26,R,142550,20321.802810305428,svar
super06,B,112294,21293.840665348514,super
para29,B,288715,20169.55297072948,para
let16,B,281547,19946.613596712665,let
super13,G,161959,19785.994887285487,super
super09,G,126313,20798.343641794832,super
svar87,G,127287,20803.55011977373,svar
mod03,B,219715,19199.650995973534,mod
svar41,G,208444,19216.6894163641,svar
mod46,G,144754,20255.05128742581,mod
let91,R,201752,19245.3320559899,let
super30,G,201093,19202.81559494434,super
mod03,G,242166,19313.248330768634,mod
cyl29,G,123698,20933.875654777534,cyl
para50,R,170176,19648.856150708874,para
svar72,R,219906,19196.87440460686,svar
cyl42,G,249185,19372.711150086543,cyl
inter10,G,222628,19157.63048696263,inter
svar59,G,212015,19208.682227014884,svar
inter41,R,180834,19310.643137877036,inter
super44,G,113905,21239.84090266009,super
mod05,B,255037,19441.419929294967,mod
para26,G,82019,22646.74984045034,para
mod61,B,215226,19195.481426912364,mod
svar30,G,216114,19193.068115329752,svar
svar77,G,183648,19434.81276279759,svar
inter10,B,231026,17788.43925225735,inter
svar66,R,168003,19698.736940989707,svar
mod17,G,183725,19423.552344101798,mod
svar25,G,119397,21083.62651869188,svar
svar27,B,106716,21564.45837429177,svar
cyl41,G,249217,19371.507796366484,cyl
let26,G,43587,24617.031502441303,let
mod97,R,188572,19362.839212046423,mod
super26,R,267602,19462.681351716095,super
inter32,G,213213,18959.47586445067,inter
mod01,R,139724,20358.500273227397,mod
let75,B,222219,19194.930342858435,let
super11,R,212976,19140.511305376614,super
svar10,R,234987,19248.515331342765,svar
svar22,B,167747,19707.7975429064,svar
super23,G,166816,19352.67109470938,super
svar43,G,203973,19242.485287890635,svar
mod76,B,274058,19813.550759794103,mod
mod23,G,287227,20130.530183692692,mod
svar98,B,321808,21270.206052312056,svar
cyl05,G,232076,19242.634720036393,cyl
mod96,B,285031,20076.78910088868,mod
inter13,B,164109,19578.5928744972,inter
mod07,R,214619,19204.975404135188,mod
cyl09,R,112103,21360.860988360524,cyl
let96,B,266121,19653.52970504758,let
cyl33,G,177723,19519.80235415596,cyl
para13,R,279590,19955.813805912552,para
svar62,B,306283,20722.34615981471,svar
let78,B,202117,19248.438453506755,let
super01,R,205926,19083.238012225545,super
super18,G,97861,21936.95308773389,super
svar03,R,237399,19256.28869579851,svar
svar59,B,260080,19557.897704635845,svar
super15,R,56507,23858.45059849733,super
inter26,G,175189,19318.928801542348,inter
para17,B,179072,19504.47740444005,para
super07,R,160828,19760.11516208218,super
svar54,B,246957,19366.836398088162,svar
cyl10,B,219655,19186.676884014138,cyl
svar88,R,111636,21367.23847096297,svar
let63,G,215930,19171.786232272087,let
svar62,R,202941,19248.46627392524,svar
let21,G,79919,22750.72698992963,let
para43,G,149599,20132.048638885153,para
svar15,R,170957,19650.21781864803,svar
svar106,B,317744,21125.234632572723,svar
cyl40,G,249309,19368.05003878004,cyl
svar92,R,244505,19343.34650447506,svar
cyl27,R,224869,19098.306247912733,cyl
super09,R,184055,19208.00365794003,super
mod39,R,217158,19199.050647916163,mod
svar07,B,269502,19728.84522168619,svar
let99,G,118691,21069.98507522757,let
let60,R,88046,22375.60568785653,let
super09,B,60409,23714.291314291106,super
cyl26,B,150247,20115.841580898687,cyl
para44,G,213858,19199.8304297525,para
super40,G,147190,19972.47122193289,super
mod100,G,211378,19210.8658129,mod
para48,G,169513,19674.254388468893,para
svar34,B,265990,19661.388489522746,svar
super21,R,198356,19133.185100802282,super
svar52,B,348662,22398.48586470188,svar
let36,R,211715,19197.753583386715,let
let27,B,155515,19964.86990296174,let
mod52,R,129648,20710.98094176885,mod
svar30,R,200135,19259.975443138876,svar
svar06,R,187294,19384.412967478536,svar
mod72,R,287156,20149.491237373713,mod
super46,R,178402,19195.55929257305,super
super17,G,166514,19181.91893017354,super
mod63,B,257750,19512.822280930748,mod
para18,B,199357,19267.660310373376,para
super17,R,223591,18685.57907957531,super
let28,G,203134,19240.076755426093,let
let04,R,282250,19989.316022096653,let
let15,G,233191,19115.852299000104,let
cyl12,B,142120,20323.46173626217,cyl
svar88,G,130205,20692.320075747608,svar
let77,G,187326,19389.624804381532,let
mod97,B,281243,19988.78090700975,mod
mod96,R,250556,19403.802940121364,mod
super48,R,148921,19779.34967353104,super
let98,R,301478,20539.192419425537,let
let28,R,162995,19806.4191182824,let
super27,R,213331,18995.73660575742,super
let97,B,108625,21473.646772519507,let
super25,G,129651,20491.143898226193,super
let13,G,230999,19133.53980232585,let
inter30,G,265273,19235.369753115287,inter
para48,B,220520,19192.72171700121,para
cyl35,R,249918,19404.97903648056,cyl
mod12,R,153306,19972.944543611677,mod
mod62,G,203446,19240.247249215314,mod
cyl18,G,45772,24503.853816160223,cyl
cyl20,B,259585,19522.918748110194,cyl
mod17,B,129261,20735.479386375722,mod
svar23,G,192524,19327.128812242132,svar
para22,G,113756,21301.760779077922,para
svar70,R,259670,19539.857115489613,svar
svar28,R,154493,20005.804937840854,svar
svar93,R,191927,19329.534669491204,svar
inter15,G,117878,21006.880375099725,inter
let59,B,254183,19404.909848049734,let
cyl35,B,260238,19557.27768053206,cyl
cyl43,R,239397,19285.888341811285,cyl
let32,B,178490,19354.837281954544,let
let100,R,340357,21973.21989537065,let
para15,G,218755,19200.563973040284,para
super40,R,87330,22250.020771759966,super
svar92,B,315078,21027.223877444867,svar
cyl21,G,87413,22407.579831003895,cyl
inter01,B,171441,19494.271539793106,inter
super01,G,168270,19652.267361037186,super
svar84,R,244649,19337.775298420125,svar
cyl20,R,87873,22379.505392245883,cyl
let10,R,190376,19268.238772816003,let
let43,G,774,27162.271044249042,let
svar84,B,315082,21027.133880083074,svar
super48,B,234371,18984.05382629557,super
cyl11,R,239739,19289.283821634293,cyl
svar66,G,230460,19215.49060247357,svar
para32,B,228598,19218.170246336864,para
para03,B,292227,20281.472294814113,para
svar89,R,263323,19588.04105965391,svar
super08,G,144505,20220.11271663532,super
let50,B,150282,20106.39173461856,let
let85,G,203162,19243.240664743815,let
cyl26,G,138765,20439.471017532782,cyl
para30,R,235734,19261.295816513746,para
inter06,R,222771,19147.978976456303,inter
let37,B,269504,19694.327879691973,let
svar50,G,190521,19334.7132944786,svar
let60,B,99889,21854.010997876627,let
svar104,B,211211,19174.054443562203,svar
inter37,G,153346,19911.035411259694,inter
mod18,R,219558,19196.432808882422,mod
inter50,B,291093,18583.80358483396,inter
let10,B,198906,19215.35218825692,let
para36,G,170577,19655.0652085299,para
cyl47,R,112736,21341.525870939968,cyl
cyl28,R,130428,20702.42853451166,cyl
inter44,R,195464,19152.27472537531,inter
let13,B,252636,19412.227792682632,let
para38,B,236818,19260.437101575604,para
svar31,R,162810,19814.653525508274,svar
super03,B,161482,19798.288542470975,super
cyl46,R,113611,21289.803827367985,cyl
inter20,R,187173,19221.801165725534,inter
cyl33,B,253036,19420.957863904718,cyl
svar03,G,273492,19795.882775253103,svar
let35,B,203954,19232.959163365565,let
svar38,B,182248,19418.321654432446,svar
super48,G,157590,18867.18038995725,super
let55,R,239507,19262.89600278376,let
para26,B,118412,21109.562311160076,para
inter21,R,119524,20988.721479679567,inter
svar63,B,306274,20722.566567784263,svar
mod56,G,174412,19572.79270680988,mod
mod20,B,267564,18538.91198600932,mod
super42,G,151896,19923.388219784556,super
let45,G,89109,22298.38254661787,let
let87,R,231145,19201.806572925958,let
para01,B,292302,20279.395338156657,para
inter14,B,67112,23360.705702231044,inter
cyl31,R,202973,19243.988466166193,cyl
inter14,R,62422,23608.724215716316,inter
svar86,R,153346,20014.908432333323,svar
svar46,R,165503,19744.30780214737,svar
inter11,G,91119,22236.118599062258,inter
svar40,G,278350,19922.926847722138,svar
cyl25,B,150487,20102.52411098697,cyl
svar100,B,299002,20486.93344167814,svar
let43,B,16101,26219.788477199098,let
svar46,B,163865,19771.582098549614,svar
inter27,R,270660,19582.38747992855,inter
cyl37,G,232922,19239.63803015145,cyl
mod92,G,233761,19251.243096835005,mod
let50,G,123698,20931.75973084173,let
let83,B,287780,20144.87602654829,let
inter16,R,131701,20585.36766412462,inter
let79,B,231349,19209.927563428955,let
para46,R,249627,19401.674607371202,para
para28,B,261059,19555.548328935,para
inter30,R,288590,19905.651913307185,inter
super29,G,220475,18836.840743896984,super
let69,R,210837,19180.400771156674,let
svar56,B,273908,19826.0020626717,svar
mod68,G,297817,20454.3278697092,mod
para06,R,185192,19421.11105215147,para
inter22,B,171034,19584.05093197651,inter
inter02,G,140982,20341.334365799357,inter
mod93,G,233905,19245.331645581937,mod
super06,G,134592,20462.451656173802,super
super14,R,254767,19211.682041997585,super
mod69,R,195519,19285.304931597206,mod
inter23,G,154985,19924.141094842395,inter
cyl12,R,122208,20962.92827547746,cyl
para27,B,282739,20031.06462609233,para
mod22,B,193712,19301.25284227037,mod
inter10,R,276798,19807.229742058516,inter
para32,R,204115,19237.077109346355,para
let88,R,201944,19244.338911904717,let
super04,B,117946,20999.4065442559,super
mod37,B,290134,20166.163572151,mod
let95,R,301276,20544.356567901134,let
mod73,R,224434,19200.380597627485,mod
mod95,B,252939,19444.205616849264,mod
inter26,R,155657,19756.91346580514,inter
super32,G,277541,19812.465510419508,super
let51,B,199003,19210.7047215462,let
super21,B,61425,23661.54920847983,super
inter31,G,235718,18927.145993750615,inter
mod35,R,142792,20306.64017188251,mod
super44,R,232563,18955.094113497893,super
para38,G,174942,19567.48627966013,para
svar23,B,182039,19440.769469202794,svar
let74,G,276834,19875.774811155163,let
let24,R,199372,19272.067117171162,let
svar12,R,151427,20064.10974869836,svar
inter29,R,210438,19016.291147124022,inter
mod54,G,231819,19213.10021529093,mod
svar22,R,176873,19544.29049000788,svar
let27,R,163917,19777.505579848472,let
super33,B,262439,19326.150763562244,super
let70,R,344297,22199.10016141561,let
inter46,G,175659,19271.386418527014,inter
svar60,G,212019,19208.49988754165,svar
super27,G,190952,19169.895265754585,super
cyl14,B,141601,20352.755291629128,cyl
let19,G,194023,19297.14934845462,let
cyl33,R,218885,19181.978171051273,cyl
mod85,B,347668,22358.22325510236,mod
svar01,R,167701,19711.87160915821,svar
let46,G,223842,19191.644674302603,let
para40,G,109696,21447.708614682186,para
svar87,R,141992,20335.851946900333,svar
let83,G,231874,19229.362862397444,let
mod34,G,195377,19299.03612291136,mod
svar13,R,203281,19177.960382827798,svar
mod55,B,231832,19235.806017847288,mod
svar58,B,260221,19552.940666983126,svar
para44,B,245047,19334.35407688378,para
mod20,R,222888,19174.55402757128,mod
mod33,R,227042,19207.930538053482,mod
svar69,R,210333,19214.341331127187,svar
super31,G,144713,20194.773340481875,super
inter46,R,155508,19735.60311439867,inter
mod68,B,322751,21313.919089302006,mod
svar02,G,204923,19234.754756811628,svar
let45,R,75894,22925.57064652372,let
mod24,G,183620,19412.03880267507,mod
svar16,R,231551,19234.732698339285,svar
super19,B,199302,19195.759952558532,super
let74,R,270507,19740.437459731293,let
mod01,B,174860,19524.117655519352,mod
cyl02,B,295528,20376.699443121608,cyl
mod90,B,236437,19255.923213106726,mod
let82,G,218664,19143.132081114625,let
para10,G,221138,19203.123402156158,para
para27,R,226074,19213.23890495171,para
inter06,G,250956,17275.207955739996,inter
mod82,G,212694,19205.875268879314,mod
mod48,R,209941,19200.52956199223,mod
svar81,G,169455,19675.07309409072,svar
let80,R,217935,19202.22454662643,let
svar37,G,237054,19225.192501474467,svar
let46,R,192984,19317.02392725779,let
let70,B,358722,22856.82882692692,let
let35,R,212723,19199.588400332636,let
let50,R,95803,22033.157200604786,let
super03,R,235667,19168.48397700148,super
let02,G,164241,19750.517936839973,let
inter11,R,100246,21835.648142000504,inter
svar07,G,260285,19557.185128848745,svar
svar11,R,183288,19447.38044237096,svar
let29,R,173182,19601.726646682175,let
inter32,R,244691,19110.681154666167,inter
mod15,R,220002,19177.213818585587,mod
let68,R,287156,20149.491237373713,let
super08,B,135014,20485.506833910345,super
inter27,B,283791,19851.04236262702,inter
svar60,R,234564,19256.705099498784,svar
inter38,B,328244,19576.69143334906,inter
svar77,R,190353,19349.279183723807,svar
cyl20,G,87909,22377.456608332694,cyl
svar33,G,163631,19791.51965193205,svar
inter02,R,137716,19860.690118139148,inter
cyl23,G,26676,25593.3774319647,cyl
svar06,B,182275,19447.408833063404,svar
let08,G,289111,20199.535812851926,let
svar70,B,324814,21375.594632810804,svar
mod41,R,172934,19556.988219527822,mod
let02,B,198616,19202.214117330648,let
let82,B,239513,19265.168992372932,let
super02,R,99397,21873.331523691413,super
mod35,G,176367,19539.573917237485,mod
mod29,R,118969,21080.525859375815,mod
inter09,B,257390,19439.77318620899,inter
let01,R,248121,19344.419818572682,let
let87,B,252791,19410.419786925977,let
inter36,R,272740,17972.788517688692,inter
cyl39,R,146085,20216.819428889215,cyl
super24,R,90986,22205.437645568934,super
let54,B,274232,19823.427073675037,let
inter42,G,206745,19139.35008223405,inter
inter21,G,118124,21058.393800780486,inter
let39,G,197461,19271.18060063232,let
svar15,B,155688,19980.025530396913,svar
inter31,B,299761,20249.032919230056,inter
let52,G,203004,19236.230821518802,let
svar99,G,196850,19289.46802479756,svar
mod58,B,252539,19429.268235826265,mod
inter26,B,225984,18914.287362872346,inter
para25,B,188015,19371.36359120887,para
cyl22,B,259305,19532.798807590592,cyl
mod11,B,184807,19413.926112498793,mod
svar90,B,247798,19367.41656974253,svar
cyl09,G,143559,20292.791505121037,cyl
let36,G,195322,19292.057323708377,let
let46,B,195748,19288.955258814887,let
let17,G,252534,18531.76450276491,let
svar19,B,196292,19293.596906584058,svar
mod06,G,201596,19241.611525382952,mod
inter29,G,232152,18979.922953487257,inter
mod91,R,223267,19198.664071158375,mod
mod96,G,197324,19249.468849206267,mod
let06,R,226167,19197.152899868706,let
svar14,B,188055,19383.392116182542,svar
svar02,B,230386,19227.878959298592,svar
let07,G,232162,19160.306254688036,let
super35,B,215230,19049.456159395995,super
inter09,R,243584,19275.1965002954,inter
inter24,G,203447,19157.78978701451,inter
cyl49,B,198860,19259.128234262058,cyl
let57,B,319012,21168.254217142294,let
super45,G,91600,22119.695058928817,super
mod30,G,236513,19271.618533845634,mod
inter16,G,132811,20530.412126929223,inter
cyl04,G,232172,19238.65778760956,cyl
svar01,B,198864,19275.500889244096,svar
mod38,B,118758,21114.11368389045,mod
mod68,R,250017,19405.744549577,mod
super38,G,188398,19273.299556154103,super
para33,B,228561,19219.730742659027,para
inter50,G,231639,19103.38604782376,inter
svar65,G,283474,20044.324525403383,svar
para43,R,140510,20388.809161676167,para
svar35,R,106618,21574.35881361831,svar
svar53,B,261785,19586.09875312558,svar
mod25,G,141010,20330.693151765634,mod
mod11,G,183305,19437.03232134313,mod
let90,B,317868,21127.044095816207,let
para10,B,330152,21603.00868875097,para
let38,B,223755,19119.136231592354,let
let10,G,135094,20521.962598792787,let
cyl19,G,89054,22308.091801063747,cyl
para42,B,142136,20338.673732456413,para
para22,R,128984,20754.24296548329,para
super21,G,89705,22279.982490069702,super
mod30,B,242207,19320.596949685263,mod
inter47,R,139505,20274.383410206647,inter
svar84,G,223701,19199.502772492247,svar
let66,G,268991,19722.444857675797,let
mod37,R,283810,20040.53006546203,mod
super23,B,180347,19139.00638237752,super
svar95,R,178858,19510.021195048714,svar
para04,B,292092,20285.215740164065,para
mod84,R,19442,26021.392308180784,mod
super26,G,165234,19631.435135230182,super
svar94,G,129895,20710.18348259649,svar
para24,B,192918,19303.188163649287,para
mod58,G,217657,19190.54082195347,mod
let39,B,169661,19599.64228049679,let
para25,G,172626,19608.681894922207,para
cyl17,B,182231,19458.882236213172,cyl
mod78,R,256084,19470.57320455827,mod
para47,B,388670,24399.51275432437,para
mod81,B,304200,20652.556868226085,mod
cyl06,B,273587,19818.586293276887,cyl
svar47,R,263898,19623.64774720159,svar
svar95,G,165377,19752.57994403041,svar
super45,B,217117,18899.9463745519,super
para39,R,237784,19270.06288444105,para
inter19,B,132246,20041.89962596329,inter
mod04,B,212361,19207.802153966953,mod
let58,G,257040,19491.340257438686,let
mod23,B,213641,19176.702198525625,mod
para07,G,147500,20190.814875674285,para
mod92,R,228392,19224.079119890568,mod
para15,R,194761,19311.498237975025,para
para35,B,156312,19957.01626386695,para
mod98,B,203059,19243.788310898857,mod
let53,G,95672,22034.52007663912,let
mod19,R,216637,19193.024082454736,mod
svar102,R,233193,19249.219114640404,svar
inter20,B,237901,19107.71052828707,inter
mod65,R,172514,19611.16614070763,mod
let94,B,331334,21654.017080952613,let
mod44,R,82346,22618.36401370024,mod
svar35,G,163555,19790.228996709146,svar
inter43,G,168535,19448.71945676148,inter
svar44,B,202648,19248.686849894788,svar
inter12,B,159350,19744.795028334367,inter
cyl29,R,121888,20997.998186025077,cyl
super15,G,40939,24773.64531030784,super
let89,R,198539,19224.601609371843,let
let99,B,182215,19424.921995700846,let
let05,R,280634,19976.800506892676,let
inter03,G,185373,19324.45338954475,inter
svar78,B,264244,19630.55417363612,svar
let13,R,280164,19952.054909050094,let
super17,B,194403,18879.863254892432,super
mod43,G,72979,23081.848012324805,mod
svar10,G,253402,19438.876345764882,svar
inter01,R,172873,19501.638376084265,inter
svar67,R,167983,19699.799738234968,svar
svar19,G,195462,19303.30657474905,svar
svar24,B,186357,19351.25081168043,svar
let80,G,208949,19219.28450008773,let
let14,R,196482,19249.16973676235,let
cyl32,R,50,27207.566953537946,cyl
mod32,R,137105,20491.191455301287,mod
super42,B,207677,19044.47992755217,super
let76,G,131971,20650.920420430113,let
svar13,G,141144,20334.584124097546,svar
let06,B,218584,19170.639924968924,let
let72,G,140364,20371.20341008356,let
svar38,R,155423,19968.07148436442,svar
svar97,B,285034,20073.71300571814,svar
mod73,G,171654,19627.797577471283,mod
svar32,G,179939,19483.233079007638,svar
mod53,B,299059,20485.44341054307,mod
mod83,G,202887,19241.7661999149,mod
para14,R,203531,19243.45432116951,para
svar56,G,189430,19344.43116652051,svar
super04,G,140681,20227.62503225014,super
inter43,B,200310,19091.66618661792,inter
mod69,B,182147,19450.39454753264,mod
let23,G,203504,19222.60261893047,let
inter45,G,205514,19107.30622591624,inter
svar26,G,157921,19912.373300169733,svar
mod06,R,216977,19196.220715897114,mod
para11,B,330108,21603.85250872515,para
mod19,G,233065,19218.840784541677,mod
let36,B,191170,19324.64364888134,let
mod80,B,228540,19210.414326650076,mod
svar59,R,234540,19257.6868185554,svar
let21,B,61642,23641.909928894016,let
inter28,B,334432,21634.200009042397,inter
svar05,R,272603,19795.743753590377,svar
mod02,G,165327,19758.845277772118,mod
super03,G,175384,19520.657495850708,super
let43,R,171373,19613.267718602183,let
let37,R,247225,19348.5179138077,let
mod79,B,273260,19748.27169336598,mod
mod67,G,207277,19223.68684539174,mod
let69,B,232518,19212.732203175514,let
cyl01,R,38299,24923.66554931402,cyl
let80,B,239153,19290.82209339619,let
cyl24,G,25427,25665.284472202184,cyl
super33,G,214815,18782.77845257292,super
let70,G,309286,20776.631051345885,let
inter19,R,127631,20676.42701185489,inter
mod49,G,240454,19303.208998926835,mod
mod21,G,250525,19396.053351978913,mod
svar100,G,227005,19207.706156359807,svar
inter50,R,234421,19157.58653147461,inter
super37,G,163780,19741.17423369238,super
svar62,G,197061,19279.251903560405,svar
super11,B,186781,19329.722294346666,super
let59,R,220421,19159.728335715972,let
mod60,G,183226,19393.217237888548,mod
inter40,R,286763,19907.64064903065,inter
let55,G,247171,19324.367512086585,let
svar14,G,183713,19440.877843758433,svar
svar20,B,128628,20756.358275086455,svar
let92,G,242878,19305.16324778005,let
para11,R,279575,19956.273678932084,para
svar93,G,247742,19364.606280692875,svar
cyl30,R,218252,19169.36722922147,cyl
inter38,R,261439,19363.18762638754,inter
svar39,G,155642,19975.981095860785,svar
cyl50,R,66870,23392.242516884737,cyl
para34,B,189191,19362.631646784546,para
para34,R,187720,19379.50999122527,para
cyl38,G,137050,20483.89087261622,cyl
svar89,B,289712,20191.999371657083,svar
svar58,R,234677,19252.0853073034,svar
svar31,B,185732,19412.370459967016,svar
para37,R,135080,20535.601461242863,para
mod99,G,211530,19203.9209936734,mod
mod97,G,216316,19178.554796797125,mod
mod41,B,220689,19134.17582474321,mod
let39,R,192736,19319.768811901256,let
cyl16,G,151855,20075.63495863051,cyl
svar99,R,202971,19247.04634990295,svar
mod56,R,134703,20558.06565731106,mod
mod91,G,183836,19431.948491184885,mod
svar74,B,179714,19499.818884375247,svar
para49,G,169961,19650.56544331963,para
inter08,G,311456,20884.777615077684,inter
mod28,R,314214,20947.952922809665,mod
inter35,B,166759,19623.680756016758,inter
let09,G,234931,19246.327873981896,let
inter33,R,289874,19947.24191284819,inter
para46,G,226268,19193.992174677016,para
cyl21,R,87396,22408.476457024026,cyl
mod13,G,61494,23659.45536589838,mod
let29,G,175370,19567.382939114203,let
inter22,R,140374,20360.569186389414,inter
cyl29,B,152056,20060.566813402856,cyl
super13,B,176234,19466.045164232448,super
inter44,B,213425,19041.84545961374,inter
svar82,R,145938,20233.87321810261,svar
cyl45,B,246541,19309.017179278897,cyl
super32,R,311411,20416.841305609385,super
mod95,G,253247,19448.834139021998,mod
mod67,B,224181,19209.091591979628,mod
cyl07,G,146345,20178.822159437044,cyl
svar54,R,186321,19399.06170673114,svar
let25,B,194105,19311.124767175977,let
svar15,G,174555,19585.22919690532,svar
let69,G,197089,19259.63061752321,let
cyl19,B,260002,19508.253439850465,cyl
svar13,B,179990,19424.25539193845,svar
cyl34,R,249881,19406.36648093062,cyl
mod63,R,261437,19578.340493826014,mod
mod27,R,120874,21036.64542734743,mod
mod01,G,148492,20108.049660871202,mod
mod09,R,183029,19311.346523198805,mod
super20,G,202151,19190.49895720699,super
cyl24,B,107471,21541.761348780477,cyl
mod85,G,333371,21738.11075496931,mod
mod40,G,213397,19180.3467348009,mod
mod94,R,77631,22865.210352089754,mod
svar98,R,240067,19289.303388836066,svar
cyl25,R,121858,20989.972320692505,cyl
super32,B,296198,20312.350423872358,super
inter37,B,274651,19699.980468145455,inter
inter46,B,191695,18119.57177314595,inter
super10,R,244163,19260.016861566153,super
para41,B,263481,19613.72136672596,para
inter29,B,262232,19434.94265351232,inter
mod07,G,253928,19461.328497376857,mod
mod99,B,274073,19828.50102972833,mod
let71,B,204024,19241.033506707743,let
mod87,G,224381,19208.497384987262,mod
para23,R,128963,20755.45706047117,para
mod76,G,253597,19446.060228191145,mod
mod78,G,259171,19521.39539850283,mod
mod45,G,230814,19233.50624297186,mod
svar48,R,252598,19439.005687462195,svar
cyl32,B,275347,19824.596833266558,cyl
mod25,R,166666,19694.63999635275,mod
let12,G,201037,19205.921477624746,let
para27,G,271552,19771.424913875075,para
para21,R,129100,20747.538247984085,para
inter08,R,315198,21022.77126471288,inter
let98,B,318172,21120.411066112385,let
inter39,G,156683,19878.924093158625,inter
svar42,G,193495,19325.121680365624,svar
inter20,G,175892,19430.205212543755,inter
svar10,B,209005,19204.44229025377,svar
mod65,B,219497,19184.813785705282,mod
let64,R,233123,19240.469963846714,let
super41,R,181946,19260.536407663665,super
mod09,G,211695,19200.126505320546,mod
inter06,B,151339,20053.297324138803,inter
let42,R,240786,19293.38223410426,let
svar49,B,222910,19183.80279933439,svar
let40,B,265676,19635.81969040413,let
let35,G,213859,19200.0893420366,let
let86,G,269819,19730.45407307413,let
mod26,B,173340,19562.047203425886,mod
svar73,B,348903,22397.613341917986,svar
let88,G,188049,19375.255128763787,let
inter05,G,157884,19901.11464313149,inter
super50,G,191390,18979.754016615967,super
mod15,B,213397,19187.695825751525,mod
svar76,R,240318,19301.78910344194,svar
svar56,R,271444,19773.008385802095,svar
svar03,B,214837,19181.2562591632,svar
para19,B,172983,19598.575338250037,para
super29,R,190683,18955.722209723044,super
super28,R,231743,18561.163648235055,super
mod58,R,208819,19212.73327790225,mod
let94,R,290918,20252.343587378968,let
let59,G,173455,19544.473681636646,let
para15,B,290210,20219.442704517107,para
para50,B,220544,19191.669424030053,para
let90,G,265477,19649.83749356308,let
let97,G,143542,20241.341779418923,let
cyl38,B,182014,19448.72802315745,cyl
cyl05,R,185000,19424.85244474202,cyl
mod46,R,134818,20554.43817570186,mod
let33,R,203246,19240.464180950457,let
let34,G,161017,19798.090098660716,let
mod02,B,235434,19248.019470357205,mod
para45,R,249611,19402.27559322134,para
super43,R,143975,19541.080973610122,super
let67,B,279038,19876.695212099206,let
mod35,B,119518,21069.547168988942,mod
cyl02,G,173626,19592.44740945315,cyl
mod62,R,224040,19206.06180024942,mod
super45,R,159926,19550.323063986692,super
para41,R,245902,19355.991892854523,para
let51,R,190150,19279.400587965643,let
svar80,G,168135,19697.54006671106,svar
svar71,B,180119,19479.031890687933,svar
para02,G,147625,20183.835301849536,para
mod92,B,276783,19890.89662520741,mod
mod42,B,235094,19067.111779637406,mod
mod17,R,145575,20233.958314435476,mod
svar39,B,151321,20079.768445774906,svar
let100,G,213647,19169.086206906486,let
let33,B,186707,19391.056381382048,let
let71,G,190964,19350.28761737148,let
mod10,R,183913,19431.03243585985,mod
inter14,G,89788,22272.009276815654,inter
let60,G,111852,21370.372133517,let
para08,G,147471,20192.434655977904,para
let76,B,187565,19373.891118469528,let
svar04,B,188837,19362.136356938703,svar
super34,R,138139,20132.072196226163,super
mod11,R,175295,19566.77881899733,mod
let49,R,168714,19667.65443226994,let
mod47,R,152362,19999.52879737889,mod
let89,G,211623,18996.717612647913,let
let20,R,231437,19197.109421692567,let
cyl18,B,152188,20036.072749387542,cyl
svar50,R,184693,19413.022805057626,svar
para16,R,111847,21375.5571968677,para
inter23,B,149210,20064.789369961934,inter
cyl31,G,207492,19221.31375908005,cyl
svar25,B,149075,20131.45218095462,svar
mod13,R,152711,20005.648231538573,mod
svar75,R,145935,20234.041319449447,svar
inter03,R,189341,19261.1179283956,inter
svar42,R,202073,19255.239750966164,svar
para13,G,221117,19204.042091811363,para
let84,B,194388,19279.785480239723,let
para09,G,147509,20190.312224980265,para
mod26,R,174729,19545.455283174208,mod
para35,G,161437,19835.684833660584,para
svar105,B,281979,20010.59129346413,svar
para49,R,170320,19641.25616607171,para
let53,R,78595,22815.416575715586,let
mod74,G,207307,19222.29179335967,mod
para21,B,105520,21626.04909593983,para
cyl43,G,248862,19384.87642548309,cyl
mod59,G,219676,19197.661920831986,mod
mod94,B,307272,20754.73764890802,mod
let71,R,210172,19213.959667225026,let
super19,G,183579,18975.847983151834,super
let30,R,211842,19205.80420874605,let
svar05,B,284556,20075.880935683745,svar
mod98,G,148287,20167.636051705776,mod
let34,B,143057,20239.664165668917,let
mod77,R,155497,19965.8261100765,mod
inter42,R,175566,19489.75484529468,inter
mod71,G,215132,19197.782698506162,mod
inter49,G,225151,16540.76382357198,inter
mod51,B,228149,19196.00818631474,mod
svar12,B,220303,19137.95968524499,svar
svar104,R,56011,23952.22805186268,svar
mod71,B,213316,19193.26759345741,mod
mod83,B,261186,19574.901729478745,mod
super49,B,252606,19286.617245677116,super
cyl04,B,273652,19816.50354285696,cyl
cyl17,R,151067,20093.161943377963,cyl
svar05,G,264734,19635.646740208227,svar
let73,R,235510,19261.28457209403,let
svar79,G,169406,19677.667545500663,svar
inter48,B,174562,18636.082938038173,inter
para23,G,113756,21301.760779077922,para
let14,G,186415,19354.898756314575,let
svar42,B,194081,19317.98289665131,svar
mod42,G,88093,22143.500098258235,mod
let54,G,211714,19195.5233265793,let
super24,G,96557,21970.83842118201,super
para31,G,196274,19297.64633721558,para
svar83,R,190102,19295.502026864964,svar
mod81,R,225343,19212.18049323625,mod
let17,R,277426,19853.205418930465,let
cyl50,G,155894,19935.665222590076,cyl
para40,R,122802,20951.29871030523,para
mod88,B,215973,19194.597434686864,mod
para37,G,153316,20013.45140383712,para
svar21,G,231621,19233.187757631662,svar
inter39,B,287012,19956.80245163914,inter
super47,R,122622,20748.811256423523,super
para46,B,388530,24400.57662596701,para
cyl32,G,23,27209.25761818599,cyl
let56,R,257821,19516.57760625406,let
super02,G,101657,21779.306784731176,super
let01,B,275576,19809.873496449,let
let24,B,210942,19209.315192073806,let
cyl08,G,151668,20074.747904122294,cyl
cyl44,G,208198,19197.549348606648,cyl
mod85,R,436221,27209.821191500643,mod
cyl02,R,234579,19251.241146473843,cyl
para43,B,195886,19298.259261686013,para
mod89,R,315387,21040.008751000736,mod
cyl06,R,185029,19423.38747831625,cyl
mod69,G,156718,19944.696274166472,mod
super39,G,245123,18881.7787862482,super
svar75,B,179717,19499.66474651712,svar
mod09,B,296161,20402.620771645063,mod
mod59,R,205964,19224.74048914575,mod
svar14,R,189209,19370.38395717642,svar
mod72,B,302370,20596.683641578078,mod
mod86,R,213803,19203.838293709345,mod
inter28,G,185006,19191.10981495566,inter
mod91,B,236212,19265.035637781726,mod
let31,B,197802,19161.736497958307,let
mod43,B,129159,20691.655755362775,mod
cyl06,G,232099,19241.681647329777,cyl
inter04,R,181393,19396.063973498916,inter
svar65,B,289175,20191.124048738904,svar
svar48,G,188013,19383.069004247947,svar
let74,B,267678,19680.605271275323,let
para19,G,139161,20425.113667638117,para
svar102,G,223980,19209.60686190799,svar
cyl21,B,259394,19529.65550191394,cyl
let44,B,138227,20332.20066540849,let
svar73,R,436220,27210.00905414334,svar
inter36,G,247221,19099.129951755982,inter
let93,B,206716,19187.461514008635,let
inter23,R,189485,19232.769594049954,inter
let52,B,261330,19569.876461509662,let
svar53,G,216371,19198.749882601405,svar
mod100,R,235979,19266.162356861252,mod
cyl13,B,141672,20348.744271952324,cyl
mod45,B,250728,19404.284331205054,mod
mod29,B,188606,19268.45793891535,mod
let53,B,102397,21748.462616103752,let
inter41,B,259088,19384.987619490825,inter
para05,G,147480,20191.93194462209,para
svar74,R,145948,20233.312895291023,svar
mod52,G,156472,19929.58361821221,mod
let64,G,229927,19221.07240622418,let
let03,R,182025,19367.62928933385,let
svar80,R,182228,19459.327413222687,svar
svar49,R,184019,19427.948767698366,svar
svar94,R,111501,21375.229130533608,svar
mod89,B,379447,23918.71080983855,mod
svar103,B,230790,19218.779142051077,svar
super05,G,95073,21973.324010853194,super
inter03,B,71198,23157.00459414899,inter
mod38,G,175962,19560.600758444256,mod
mod88,R,190319,19351.578495653463,mod
mod25,B,99734,21814.789258809033,mod
svar32,R,194411,19306.195944607072,svar
super06,R,99179,21835.136981659,super
mod44,B,67565,23346.535995899103,mod
super49,G,162078,19731.642589339528,super
para19,R,211584,19185.843690726764,para
let25,G,231651,19233.539603507397,let
inter01,G,223682,19037.50522898812,inter
mod27,G,114508,21271.206125630546,mod
mod50,B,132815,20596.5092060903,mod
inter34,R,181182,19291.297458917517,inter
inter05,B,129702,20704.523636907226,inter
let65,R,300703,20505.26546802217,let
super36,B,160418,19793.62753652517,super
inter25,R,94469,22084.483131721976,inter
mod27,B,161546,19837.719148915534,mod
svar24,G,208593,19153.392499967533,svar
inter16,B,87453,22363.79005065303,inter
mod45,R,256633,19499.632966698053,mod
svar36,R,230379,19208.37409564999,svar
let04,G,193062,19282.08632282662,let
para25,R,140887,20370.77692987095,para
cyl15,R,151042,20094.547346349642,cyl
cyl22,R,87922,22376.531703857727,cyl
svar80,B,226546,19211.677061913415,svar
let78,R,196143,19294.565685098034,let
let37,G,265529,19614.847916541756,let
let20,G,215569,19180.350478867364,let
let96,R,273547,19813.07627691085,let
super31,B,224445,19108.79841505445,super
mod87,R,270030,19741.823995763094,mod
para48,R,169826,19667.350432410818,para
svar82,G,169344,19680.95119652503,svar
svar101,R,129653,20710.69272648642,svar
svar17,B,180235,19475.56647503321,svar
para23,B,105489,21627.90018576266,para
let55,B,304720,20648.244852960564,let
super28,B,334358,21714.477812193643,super
inter22,G,143741,20275.996179480615,inter
mod54,R,210550,19202.974198960364,mod
para14,B,290216,20219.273735875133,para
let93,G,176376,19508.95088498642,let
svar101,B,227965,19203.78207154941,svar
cyl47,G,74506,23017.09818469196,cyl
let15,R,252207,19421.371879042494,let
svar39,R,116934,21179.05547922729,svar
super16,B,180610,19334.87152869783,super
let09,R,236975,19268.00308700768,let
svar12,G,189808,19341.819827974112,svar
para12,R,279674,19953.239949159884,para
mod80,G,225650,19198.027234059427,mod
para12,G,221149,19202.64223782921,para
mod70,B,297361,20423.10332897372,mod
svar64,B,323994,21338.259007260585,svar
svar74,G,169367,19679.732953798244,svar
let41,R,184792,19304.489083055592,let
svar20,G,141203,20366.62280565466,svar
svar22,G,180710,19482.186053065245,svar
para07,R,185180,19421.716887932438,para
mod51,R,129625,20712.30680186752,mod
super07,G,70632,23198.593269750487,super
mod62,B,272272,19778.551605843135,mod
cyl36,G,232860,19242.19565499218,cyl
inter42,B,200028,19197.965534505536,inter
mod86,G,231263,19229.336845649086,mod
cyl16,R,150987,20097.595751925466,cyl
let47,B,216248,19163.29842107042,let
mod55,G,177565,19526.302625601256,mod
mod50,G,111104,21388.517323116394,mod
svar92,G,223503,19208.06134783486,svar
para11,G,221118,19203.99834161333,para
let61,G,213899,19187.1699920725,let
let22,B,151475,20059.473414425975,let
mod31,R,225852,19211.431489480423,mod
let26,R,51869,24172.014515919283,let
para31,B,240710,19297.21297780945,para
let45,B,76903,22732.12610131172,let
mod34,R,188581,19375.69992223668,mod
para18,R,209692,19211.556746526294,para
svar47,B,266657,19672.568159154067,svar
para37,B,150149,20097.95382678141,para
let12,R,264920,19618.32041760488,let
svar105,R,222725,19201.501742010638,svar
let05,B,314639,21011.323319410716,let
cyl48,G,74620,23010.10406049916,cyl
svar36,G,288804,20179.233882725825,svar
mod08,B,145842,20182.895519009406,mod
super25,B,239751,18657.220416344513,super
let67,G,220027,18948.566111029682,let
cyl03,G,173522,19597.888334708092,cyl
let81,R,218112,19194.370195328433,let
para32,G,214467,19199.093305210732,para
svar58,G,212153,19202.39427637378,svar
mod49,R,234905,19259.81239950334,mod
let18,G,173044,19532.836582958516,let
inter15,R,141614,20113.112561950413,inter
mod21,B,267564,18526.42631148814,mod
inter19,G,199396,18919.529710766135,inter
let23,R,163317,19789.090404934923,let
let08,R,258929,19535.701097805846,let
svar18,R,221109,19204.167260364677,svar
let82,R,215779,19184.66714979537,let
mod08,R,214300,19199.264832930454,mod
mod31,G,249278,19395.165782192995,mod
let61,R,158662,19897.541901223314,let
mod57,B,291980,20272.920838984945,mod
svar27,G,204527,19239.07315509735,svar
cyl39,G,136931,20490.670891171732,cyl
super13,R,194897,19203.16729023008,super
svar44,R,219509,19203.01059302779,svar
para16,B,154892,19997.0595932252,para
let17,B,255429,19417.360684328665,let
let91,B,241582,19293.06788152807,let
mod78,B,284858,20066.21588095897,mod
svar24,R,184699,19380.3340046763,svar
svar49,G,214191,19191.30786177202,svar
inter30,B,326440,21229.891176895195,inter
let52,R,234460,19246.88935520653,let
cyl35,G,232794,19244.919629119006,cyl
inter49,B,263197,19388.66078387539,inter
mod70,G,296736,20393.266048693928,mod
inter07,G,184419,19300.824440980818,inter
super18,B,168577,19604.154974336754,super
mod38,R,142192,20340.473639588938,mod
mod47,B,160152,19783.022382090974,mod
para41,G,228483,19222.232879736228,para
svar29,G,194373,19306.994198387343,svar
svar69,B,240897,19306.228670472192,svar
mod42,R,61448,23637.588495504624,mod
let32,R,188544,19322.333947929594,let
cyl08,R,132549,20632.635411867832,cyl
inter13,R,251755,19129.013473688665,inter
cyl01,B,137141,20480.65503923001,cyl
cyl43,B,286523,20112.72909032828,cyl
mod72,G,270991,19763.715636433662,mod
cyl05,B,273578,19818.874788120225,cyl
inter25,G,96326,22005.50389320249,inter
mod02,R,150191,20117.08595809325,mod
svar105,G,191588,19323.956391007574,svar
let47,R,210798,19183.46380919645,let
svar21,B,262406,19592.595925342564,svar
svar35,B,185071,19395.754321379525,svar
inter48,R,176059,19394.934309834938,inter
let49,B,241504,19275.835533325462,let
mod98,R,164700,19771.918119519916,mod
mod88,G,165295,19748.402869559795,mod
let73,G,216205,19200.67885538979,let
inter37,R,188007,18356.05349550081,inter
super36,G,107230,21495.197827799817,super
svar23,R,162781,19804.46278679221,svar
mod03,R,66421,23406.648647973667,mod
cyl41,R,239910,19265.49913462535,cyl
svar85,R,244526,19342.533615228644,svar
svar60,B,260106,19556.983138223288,svar
cyl37,R,250199,19394.456716699686,cyl
svar65,R,304804,20658.007821763997,svar
cyl45,R,152546,19981.13302515025,cyl
super46,B,186464,19231.032528832144,super
svar27,R,93593,22129.070759163442,svar
super43,G,126702,20717.58497459797,super
mod65,G,237083,19259.952931658154,mod
super38,R,194629,17993.006667739344,super
svar43,R,210648,19213.53482594529,svar
inter33,B,309225,20597.359621252126,inter
cyl14,G,167176,19712.372108811513,cyl
para30,G,196319,19295.461441545976,para
let91,G,210230,19198.92417151935,let
inter43,R,154375,19812.575873080274,inter
mod48,G,222071,19188.07041273464,mod
inter12,G,170424,19497.998875685935,inter
let23,B,201983,19218.185497197373,let
super12,R,202595,19056.234889506963,super
cyl11,B,235094,19253.149140749352,cyl
mod79,R,205444,19208.047199717166,mod
super36,R,88057,22164.786270082495,super
svar94,B,135793,20518.977421257194,svar
let03,B,181268,19346.052875845242,let
let77,R,210696,19207.95278979517,let
cyl09,B,219461,19195.22145877881,cyl
svar79,B,179768,19497.0447682543,svar
svar79,R,146004,20230.175514407925,svar
let02,R,172038,19558.259449934125,let
super12,B,217956,18975.95912184019,super
let81,B,239421,19280.1414124174,let
inter38,G,265641,19415.26300141367,inter
let30,G,221203,19197.67352054833,let
super11,G,210792,17942.44370049165,super
mod89,G,301884,20579.01303740658,mod
cyl17,G,151958,20069.937483553604,cyl
para04,R,185196,19420.90911556408,para
let15,B,267986,19673.144243604973,let
let79,R,209100,19198.493195267954,let
let87,G,208107,19166.737665199118,let
super30,B,257721,19457.420713854586,super
mod40,R,169795,19660.37837389422,mod
mod82,R,207199,19223.738290644396,mod
let25,R,202962,19246.2373861344,let
let100,B,243809,19284.520613410707,let
inter08,B,347147,22321.07716252315,inter
svar34,G,182702,19443.67397847562,svar
inter15,B,96009,21941.41427810517,inter
super20,R,259738,19295.951077071844,super
para09,B,292087,20285.354507817025,para
let11,R,252882,19396.509701329,let
let86,B,331464,21651.5603120263,let
let42,G,225999,19195.751685960684,let
svar20,R,127882,20789.676765915578,svar
mod24,B,173784,19563.310708440942,mod
let04,B,240271,19244.295134167358,let
svar37,B,188640,19317.445600576957,svar
svar16,G,253462,19448.51760016043,svar
let90,R,301022,20550.8702748737,let
super47,G,171800,18646.00217728488,super
mod05,G,252367,19393.89331622038,mod
para13,B,330113,21603.75658649295,para
para28,R,195491,19302.329003945677,para
super14,G,185284,19302.84792074896,super
super10,B,211953,19109.722683877113,super
mod14,R,167445,19708.49078026873,mod
mod84,G,268812,19718.257668378374,mod
svar82,B,179689,19501.103459363843,svar
para05,B,292082,20285.493284148895,para
mod39,G,176950,19540.583265787835,mod
mod63,G,196098,19293.739373984765,mod
let38,R,219927,19132.76387447884,let
cyl40,R,240014,19261.376032263375,cyl
svar104,G,80002,22744.039401154096,svar
svar90,G,209960,19205.148626288017,svar
cyl03,R,234500,19254.472132508916,cyl
cyl15,G,151909,20072.64761960757,cyl
let99,R,137985,20433.186114099717,let
let97,R,73501,23035.82630060321,let
inter48,G,155521,19893.558224217017,inter
super49,R,233493,18737.683298594773,super
mod41,G,188752,19317.539420376823,mod
inter39,R,179882,19369.92247963805,inter
cyl28,G,174204,19582.609124552324,cyl
super34,G,216903,19040.02790689427,super
super10,G,241600,19220.838887292353,super
svar106,R,255596,19483.90085208972,svar
let24,G,208982,19216.486891956865,let
super20,B,221728,19014.963001418448,super
mod14,G,198501,19263.31481424764,mod
super22,R,107996,21482.934794273337,super
para30,B,240629,19300.416582898866,para
cyl50,B,314200,20969.612094051718,cyl
para03,G,147509,20190.312224980265,para
cyl45,G,60682,23710.486352956785,cyl
super39,R,234039,18718.000762760093,super
mod12,B,116348,21170.305795537355,mod
mod99,R,236011,19264.86355936469,mod
svar54,G,192678,19325.02860909105,svar
svar86,B,195397,19281.953372705462,svar
let20,B,228667,19190.11304662345,let
mod32,B,42928,24667.00868331652,mod
mod75,B,218728,19186.252187642393,mod
inter34,G,262920,19350.222067726056,inter
super33,R,186239,18968.91921609037,super
super44,B,144522,20193.162171110052,super
para17,G,76851,22903.71508262224,para
svar46,G,182932,18764.754767290793,svar
mod54,B,311552,20899.937537473947,mod
super01,B,171084,19551.193017666785,super
para06,B,292142,20283.8285410139,para
mod36,B,153415,20031.149047912542,mod
para33,R,204068,19239.291273816456,para
svar32,B,277397,19887.978969915785,svar
inter25,B,124785,20861.95369622504,inter
super31,R,132824,20509.385239598236,super
svar61,B,217452,19201.026288692552,svar
svar44,G,221566,19204.54004021575,svar
let63,B,219408,19166.152548992457,let
cyl27,G,34315,25152.022071886935,cyl
inter04,G,225294,19114.09143390682,inter
svar53,R,135717,20466.882640202257,svar
svar99,B,306388,20719.77681693869,svar
cyl42,R,239608,19277.491836335972,cyl
cyl30,B,267258,19666.153485271338,cyl
cyl48,R,113181,21315.20213387179,cyl
svar18,B,232692,19245.07014390309,svar
svar63,R,202943,19248.371604217915,svar
svar17,R,278321,19915.42705789754,svar
cyl38,R,146172,20211.951504617264,cyl
let40,R,253575,19451.342502872714,let
svar52,R,328211,21524.267192629057,svar
para42,R,125541,20869.293016482672,para
cyl04,R,185091,19420.256245292247,cyl
svar40,R,269504,19731.3926778576,svar
let68,G,270991,19763.715636433662,let
inter47,B,297751,20248.168761142017,inter
inter32,B,229445,19074.820983145884,inter
super42,R,295058,20125.355624769403,super
mod15,G,234449,19232.866412204072,mod
cyl25,G,139088,20421.130664706106,cyl
inter34,B,228140,19028.222949739684,inter
super19,R,236665,19205.600605479318,super
let30,B,206309,19223.214797844365,let
svar04,G,207007,19214.816796509862,svar
let44,R,207472,19016.60564665294,let
para20,G,154802,19992.558738933032,para
mod37,G,225800,19162.07693596913,mod
para47,G,225996,19205.59872736496,para
inter09,G,221150,19157.605547267318,inter
let54,R,236210,19256.794021039692,let
super22,G,166702,19637.46001726515,super
let63,R,190933,19328.034533135087,let
let07,R,180060,19427.192279766008,let
svar102,B,262047,19589.943514825725,svar
mod93,B,276937,19886.078768552197,mod
para39,B,335556,21809.48228623848,para
let48,R,170790,19645.792516107296,let
let06,G,231867,19219.83688207154,let
mod33,G,235637,19255.976174416282,mod
mod60,R,231639,17369.21386952537,mod
let42,B,202950,19202.619712839638,let
cyl26,R,121408,21016.27056015916,cyl
mod74,B,224272,19205.169580740494,mod
super14,B,215755,19006.65632601675,super
super12,G,179651,19378.255038871856,super
let41,B,213663,18993.3006538243,let
mod86,B,308761,20806.445830596884,mod
svar75,G,169371,19679.521099236954,svar
svar106,G,230698,19226.966034875342,svar
let84,G,203869,19209.883392694956,let
let84,R,190464,19334.476762904975,let
svar100,R,149419,20132.68007785321,svar
super37,R,191916,19086.828384754303,super
super02,B,193649,19252.056064101635,super
svar103,G,165410,19736.112664193777,svar
let41,G,193454,19209.416217216232,let
para09,R,185176,19421.91884186524,para
svar96,B,252939,19446.64346861207,svar
cyl07,R,159805,19830.474356285897,cyl
mod64,B,230929,19224.91846760182,mod
svar48,B,276456,19872.84915091442,svar
super40,B,152780,19928.305772662912,super
svar19,R,218477,19200.332605965123,svar
mod33,B,244129,19319.915238030615,mod
let28,B,201394,19246.16798953106,let
svar64,R,240409,19292.205657944804,svar
super39,B,271212,19406.33244366546,super
super15,B,162242,19652.015460212664,super
cyl11,G,227517,19211.986346622583,cyl
cyl01,G,59405,23774.68250297336,cyl
let31,G,172948,19524.330839405546,let
